Course,Previous qualification,Mother's qualification,Father's qualification,Scholarship holder,Curricular units 1st sem (credited),Curricular units 1st sem (grade),Unemployment rate,Inflation rate,GDP,order,value,abs_value,metric,n_train,n_test,seed
1,0,0,0,0,0,0,0,0,0,1,0.5352622061482821,0.5352622061482821,accuracy,3318,1106,42
0,1,0,0,0,0,0,0,0,0,1,0.5216998191681737,0.5216998191681737,accuracy,3318,1106,42
0,0,1,0,0,0,0,0,0,0,1,0.5099457504520796,0.5099457504520796,accuracy,3318,1106,42
0,0,0,1,0,0,0,0,0,0,1,0.5126582278481012,0.5126582278481012,accuracy,3318,1106,42
0,0,0,0,1,0,0,0,0,0,1,0.49909584086799275,0.49909584086799275,accuracy,3318,1106,42
0,0,0,0,0,1,0,0,0,0,1,0.49638336347197104,0.49638336347197104,accuracy,3318,1106,42
0,0,0,0,0,0,1,0,0,0,1,0.6292947558770343,0.6292947558770343,accuracy,3318,1106,42
0,0,0,0,0,0,0,1,0,0,1,0.49909584086799275,0.49909584086799275,accuracy,3318,1106,42
0,0,0,0,0,0,0,0,1,0,1,0.49909584086799275,0.49909584086799275,accuracy,3318,1106,42
0,0,0,0,0,0,0,0,0,1,1,0.49909584086799275,0.49909584086799275,accuracy,3318,1106,42
1,1,0,0,0,0,0,0,0,0,2,0.5560578661844484,0.5560578661844484,accuracy,3318,1106,42
1,0,1,0,0,0,0,0,0,0,2,0.5488245931283906,0.5488245931283906,accuracy,3318,1106,42
1,0,0,1,0,0,0,0,0,0,2,0.5560578661844484,0.5560578661844484,accuracy,3318,1106,42
1,0,0,0,1,0,0,0,0,0,2,0.5650994575045208,0.5650994575045208,accuracy,3318,1106,42
1,0,0,0,0,1,0,0,0,0,2,0.5379746835443038,0.5379746835443038,accuracy,3318,1106,42
1,0,0,0,0,0,1,0,0,0,2,0.6401446654611211,0.6401446654611211,accuracy,3318,1106,42
1,0,0,0,0,0,0,1,0,0,2,0.546112115732369,0.546112115732369,accuracy,3318,1106,42
1,0,0,0,0,0,0,0,1,0,2,0.5443037974683544,0.5443037974683544,accuracy,3318,1106,42
1,0,0,0,0,0,0,0,0,1,2,0.546112115732369,0.546112115732369,accuracy,3318,1106,42
0,1,1,0,0,0,0,0,0,0,2,0.5298372513562387,0.5298372513562387,accuracy,3318,1106,42
0,1,0,1,0,0,0,0,0,0,2,0.5298372513562387,0.5298372513562387,accuracy,3318,1106,42
0,1,0,0,1,0,0,0,0,0,2,0.5244122965641953,0.5244122965641953,accuracy,3318,1106,42
0,1,0,0,0,1,0,0,0,0,2,0.5207956600361664,0.5207956600361664,accuracy,3318,1106,42
0,1,0,0,0,0,1,0,0,0,2,0.6401446654611211,0.6401446654611211,accuracy,3318,1106,42
0,1,0,0,0,0,0,1,0,0,2,0.5207956600361664,0.5207956600361664,accuracy,3318,1106,42
0,1,0,0,0,0,0,0,1,0,2,0.5226039783001808,0.5226039783001808,accuracy,3318,1106,42
0,1,0,0,0,0,0,0,0,1,2,0.5207956600361664,0.5207956600361664,accuracy,3318,1106,42
0,0,1,1,0,0,0,0,0,0,2,0.5090415913200723,0.5090415913200723,accuracy,3318,1106,42
0,0,1,0,1,0,0,0,0,0,2,0.5289330922242315,0.5289330922242315,accuracy,3318,1106,42
0,0,1,0,0,1,0,0,0,0,2,0.5045207956600362,0.5045207956600362,accuracy,3318,1106,42
0,0,1,0,0,0,1,0,0,0,2,0.6274864376130199,0.6274864376130199,accuracy,3318,1106,42
0,0,1,0,0,0,0,1,0,0,2,0.5036166365280289,0.5036166365280289,accuracy,3318,1106,42
0,0,1,0,0,0,0,0,1,0,2,0.5099457504520796,0.5099457504520796,accuracy,3318,1106,42
0,0,1,0,0,0,0,0,0,1,2,0.5036166365280289,0.5036166365280289,accuracy,3318,1106,42
0,0,0,1,1,0,0,0,0,0,2,0.5298372513562387,0.5298372513562387,accuracy,3318,1106,42
0,0,0,1,0,1,0,0,0,0,2,0.5099457504520796,0.5099457504520796,accuracy,3318,1106,42
0,0,0,1,0,0,1,0,0,0,2,0.6292947558770343,0.6292947558770343,accuracy,3318,1106,42
0,0,0,1,0,0,0,1,0,0,2,0.5099457504520796,0.5099457504520796,accuracy,3318,1106,42
0,0,0,1,0,0,0,0,1,0,2,0.5108499095840868,0.5108499095840868,accuracy,3318,1106,42
0,0,0,1,0,0,0,0,0,1,2,0.5108499095840868,0.5108499095840868,accuracy,3318,1106,42
0,0,0,0,1,1,0,0,0,0,2,0.49909584086799275,0.49909584086799275,accuracy,3318,1106,42
0,0,0,0,1,0,1,0,0,0,2,0.6329113924050633,0.6329113924050633,accuracy,3318,1106,42
0,0,0,0,1,0,0,1,0,0,2,0.47468354430379744,0.47468354430379744,accuracy,3318,1106,42
0,0,0,0,1,0,0,0,1,0,2,0.46835443037974683,0.46835443037974683,accuracy,3318,1106,42
0,0,0,0,1,0,0,0,0,1,2,0.47468354430379744,0.47468354430379744,accuracy,3318,1106,42
0,0,0,0,0,1,1,0,0,0,2,0.64376130198915,0.64376130198915,accuracy,3318,1106,42
0,0,0,0,0,1,0,1,0,0,2,0.49547920433996384,0.49547920433996384,accuracy,3318,1106,42
0,0,0,0,0,1,0,0,1,0,2,0.4936708860759494,0.4936708860759494,accuracy,3318,1106,42
0,0,0,0,0,1,0,0,0,1,2,0.49547920433996384,0.49547920433996384,accuracy,3318,1106,42
0,0,0,0,0,0,1,1,0,0,2,0.6301989150090416,0.6301989150090416,accuracy,3318,1106,42
0,0,0,0,0,0,1,0,1,0,2,0.6301989150090416,0.6301989150090416,accuracy,3318,1106,42
0,0,0,0,0,0,1,0,0,1,2,0.6301989150090416,0.6301989150090416,accuracy,3318,1106,42
0,0,0,0,0,0,0,1,1,0,2,0.49909584086799275,0.49909584086799275,accuracy,3318,1106,42
0,0,0,0,0,0,0,1,0,1,2,0.49909584086799275,0.49909584086799275,accuracy,3318,1106,42
0,0,0,0,0,0,0,0,1,1,2,0.49909584086799275,0.49909584086799275,accuracy,3318,1106,42
1,1,1,0,0,0,0,0,0,0,3,0.5515370705244123,0.5515370705244123,accuracy,3318,1106,42
1,1,0,1,0,0,0,0,0,0,3,0.5569620253164557,0.5569620253164557,accuracy,3318,1106,42
1,1,0,0,1,0,0,0,0,0,3,0.5641952983725136,0.5641952983725136,accuracy,3318,1106,42
1,1,0,0,0,1,0,0,0,0,3,0.5515370705244123,0.5515370705244123,accuracy,3318,1106,42
1,1,0,0,0,0,1,0,0,0,3,0.6419529837251357,0.6419529837251357,accuracy,3318,1106,42
1,1,0,0,0,0,0,1,0,0,3,0.5560578661844484,0.5560578661844484,accuracy,3318,1106,42
1,1,0,0,0,0,0,0,1,0,3,0.5587703435804702,0.5587703435804702,accuracy,3318,1106,42
1,1,0,0,0,0,0,0,0,1,3,0.5605786618444847,0.5605786618444847,accuracy,3318,1106,42
1,0,1,1,0,0,0,0,0,0,3,0.5578661844484629,0.5578661844484629,accuracy,3318,1106,42
1,0,1,0,1,0,0,0,0,0,3,0.5678119349005425,0.5678119349005425,accuracy,3318,1106,42
1,0,1,0,0,1,0,0,0,0,3,0.5560578661844484,0.5560578661844484,accuracy,3318,1106,42
1,0,1,0,0,0,1,0,0,0,3,0.6374321880650995,0.6374321880650995,accuracy,3318,1106,42
1,0,1,0,0,0,0,1,0,0,3,0.5370705244122965,0.5370705244122965,accuracy,3318,1106,42
1,0,1,0,0,0,0,0,1,0,3,0.5452079566003617,0.5452079566003617,accuracy,3318,1106,42
1,0,1,0,0,0,0,0,0,1,3,0.546112115732369,0.546112115732369,accuracy,3318,1106,42
1,0,0,1,1,0,0,0,0,0,3,0.5687160940325497,0.5687160940325497,accuracy,3318,1106,42
1,0,0,1,0,1,0,0,0,0,3,0.5650994575045208,0.5650994575045208,accuracy,3318,1106,42
1,0,0,1,0,0,1,0,0,0,3,0.6464737793851718,0.6464737793851718,accuracy,3318,1106,42
1,0,0,1,0,0,0,1,0,0,3,0.5605786618444847,0.5605786618444847,accuracy,3318,1106,42
1,0,0,1,0,0,0,0,1,0,3,0.5533453887884268,0.5533453887884268,accuracy,3318,1106,42
1,0,0,1,0,0,0,0,0,1,3,0.5578661844484629,0.5578661844484629,accuracy,3318,1106,42
1,0,0,0,1,1,0,0,0,0,3,0.5705244122965641,0.5705244122965641,accuracy,3318,1106,42
1,0,0,0,1,0,1,0,0,0,3,0.6446654611211573,0.6446654611211573,accuracy,3318,1106,42
1,0,0,0,1,0,0,1,0,0,3,0.5533453887884268,0.5533453887884268,accuracy,3318,1106,42
1,0,0,0,1,0,0,0,1,0,3,0.5605786618444847,0.5605786618444847,accuracy,3318,1106,42
1,0,0,0,1,0,0,0,0,1,3,0.5632911392405063,0.5632911392405063,accuracy,3318,1106,42
1,0,0,0,0,1,1,0,0,0,3,0.64376130198915,0.64376130198915,accuracy,3318,1106,42
1,0,0,0,0,1,0,1,0,0,3,0.5406871609403255,0.5406871609403255,accuracy,3318,1106,42
1,0,0,0,0,1,0,0,1,0,3,0.5560578661844484,0.5560578661844484,accuracy,3318,1106,42
1,0,0,0,0,1,0,0,0,1,3,0.5479204339963833,0.5479204339963833,accuracy,3318,1106,42
1,0,0,0,0,0,1,1,0,0,3,0.6338155515370705,0.6338155515370705,accuracy,3318,1106,42
1,0,0,0,0,0,1,0,1,0,3,0.6311030741410488,0.6311030741410488,accuracy,3318,1106,42
1,0,0,0,0,0,1,0,0,1,3,0.6320072332730561,0.6320072332730561,accuracy,3318,1106,42
1,0,0,0,0,0,0,1,1,0,3,0.5452079566003617,0.5452079566003617,accuracy,3318,1106,42
1,0,0,0,0,0,0,1,0,1,3,0.5424954792043399,0.5424954792043399,accuracy,3318,1106,42
1,0,0,0,0,0,0,0,1,1,3,0.5479204339963833,0.5479204339963833,accuracy,3318,1106,42
0,1,1,1,0,0,0,0,0,0,3,0.5262206148282098,0.5262206148282098,accuracy,3318,1106,42
0,1,1,0,1,0,0,0,0,0,3,0.5424954792043399,0.5424954792043399,accuracy,3318,1106,42
0,1,1,0,0,1,0,0,0,0,3,0.5162748643761302,0.5162748643761302,accuracy,3318,1106,42
0,1,1,0,0,0,1,0,0,0,3,0.6283905967450272,0.6283905967450272,accuracy,3318,1106,42
0,1,1,0,0,0,0,1,0,0,3,0.5280289330922242,0.5280289330922242,accuracy,3318,1106,42
0,1,1,0,0,0,0,0,1,0,3,0.515370705244123,0.515370705244123,accuracy,3318,1106,42
0,1,1,0,0,0,0,0,0,1,3,0.5253164556962026,0.5253164556962026,accuracy,3318,1106,42
0,1,0,1,1,0,0,0,0,0,3,0.5424954792043399,0.5424954792043399,accuracy,3318,1106,42
0,1,0,1,0,1,0,0,0,0,3,0.5171790235081374,0.5171790235081374,accuracy,3318,1106,42
0,1,0,1,0,0,1,0,0,0,3,0.6347197106690777,0.6347197106690777,accuracy,3318,1106,42
0,1,0,1,0,0,0,1,0,0,3,0.5325497287522604,0.5325497287522604,accuracy,3318,1106,42
0,1,0,1,0,0,0,0,1,0,3,0.5280289330922242,0.5280289330922242,accuracy,3318,1106,42
0,1,0,1,0,0,0,0,0,1,3,0.5316455696202531,0.5316455696202531,accuracy,3318,1106,42
0,1,0,0,1,1,0,0,0,0,3,0.5207956600361664,0.5207956600361664,accuracy,3318,1106,42
0,1,0,0,1,0,1,0,0,0,3,0.6247739602169982,0.6247739602169982,accuracy,3318,1106,42
0,1,0,0,1,0,0,1,0,0,3,0.5117540687160941,0.5117540687160941,accuracy,3318,1106,42
0,1,0,0,1,0,0,0,1,0,3,0.5171790235081374,0.5171790235081374,accuracy,3318,1106,42
0,1,0,0,1,0,0,0,0,1,3,0.5189873417721519,0.5189873417721519,accuracy,3318,1106,42
0,1,0,0,0,1,1,0,0,0,3,0.6365280289330922,0.6365280289330922,accuracy,3318,1106,42
0,1,0,0,0,1,0,1,0,0,3,0.5081374321880651,0.5081374321880651,accuracy,3318,1106,42
0,1,0,0,0,1,0,0,1,0,3,0.5090415913200723,0.5090415913200723,accuracy,3318,1106,42
0,1,0,0,0,1,0,0,0,1,3,0.5126582278481012,0.5126582278481012,accuracy,3318,1106,42
0,1,0,0,0,0,1,1,0,0,3,0.6410488245931284,0.6410488245931284,accuracy,3318,1106,42
0,1,0,0,0,0,1,0,1,0,3,0.6365280289330922,0.6365280289330922,accuracy,3318,1106,42
0,1,0,0,0,0,1,0,0,1,3,0.6320072332730561,0.6320072332730561,accuracy,3318,1106,42
0,1,0,0,0,0,0,1,1,0,3,0.523508137432188,0.523508137432188,accuracy,3318,1106,42
0,1,0,0,0,0,0,1,0,1,3,0.523508137432188,0.523508137432188,accuracy,3318,1106,42
0,1,0,0,0,0,0,0,1,1,3,0.5180831826401446,0.5180831826401446,accuracy,3318,1106,42
0,0,1,1,1,0,0,0,0,0,3,0.5262206148282098,0.5262206148282098,accuracy,3318,1106,42
0,0,1,1,0,1,0,0,0,0,3,0.5072332730560579,0.5072332730560579,accuracy,3318,1106,42
0,0,1,1,0,0,1,0,0,0,3,0.6338155515370705,0.6338155515370705,accuracy,3318,1106,42
0,0,1,1,0,0,0,1,0,0,3,0.5081374321880651,0.5081374321880651,accuracy,3318,1106,42
0,0,1,1,0,0,0,0,1,0,3,0.5090415913200723,0.5090415913200723,accuracy,3318,1106,42
0,0,1,1,0,0,0,0,0,1,3,0.5090415913200723,0.5090415913200723,accuracy,3318,1106,42
0,0,1,0,1,1,0,0,0,0,3,0.5443037974683544,0.5443037974683544,accuracy,3318,1106,42
0,0,1,0,1,0,1,0,0,0,3,0.6347197106690777,0.6347197106690777,accuracy,3318,1106,42
0,0,1,0,1,0,0,1,0,0,3,0.5244122965641953,0.5244122965641953,accuracy,3318,1106,42
0,0,1,0,1,0,0,0,1,0,3,0.5262206148282098,0.5262206148282098,accuracy,3318,1106,42
0,0,1,0,1,0,0,0,0,1,3,0.5117540687160941,0.5117540687160941,accuracy,3318,1106,42
0,0,1,0,0,1,1,0,0,0,3,0.6311030741410488,0.6311030741410488,accuracy,3318,1106,42
0,0,1,0,0,1,0,1,0,0,3,0.5027124773960217,0.5027124773960217,accuracy,3318,1106,42
0,0,1,0,0,1,0,0,1,0,3,0.5018083182640145,0.5018083182640145,accuracy,3318,1106,42
0,0,1,0,0,1,0,0,0,1,3,0.5090415913200723,0.5090415913200723,accuracy,3318,1106,42
0,0,1,0,0,0,1,1,0,0,3,0.6175406871609403,0.6175406871609403,accuracy,3318,1106,42
0,0,1,0,0,0,1,0,1,0,3,0.6220614828209765,0.6220614828209765,accuracy,3318,1106,42
0,0,1,0,0,0,1,0,0,1,3,0.620253164556962,0.620253164556962,accuracy,3318,1106,42
0,0,1,0,0,0,0,1,1,0,3,0.5081374321880651,0.5081374321880651,accuracy,3318,1106,42
0,0,1,0,0,0,0,1,0,1,3,0.5099457504520796,0.5099457504520796,accuracy,3318,1106,42
0,0,1,0,0,0,0,0,1,1,3,0.5081374321880651,0.5081374321880651,accuracy,3318,1106,42
0,0,0,1,1,1,0,0,0,0,3,0.5424954792043399,0.5424954792043399,accuracy,3318,1106,42
0,0,0,1,1,0,1,0,0,0,3,0.6283905967450272,0.6283905967450272,accuracy,3318,1106,42
0,0,0,1,1,0,0,1,0,0,3,0.5189873417721519,0.5189873417721519,accuracy,3318,1106,42
0,0,0,1,1,0,0,0,1,0,3,0.5198915009041591,0.5198915009041591,accuracy,3318,1106,42
0,0,0,1,1,0,0,0,0,1,3,0.5226039783001808,0.5226039783001808,accuracy,3318,1106,42
0,0,0,1,0,1,1,0,0,0,3,0.6311030741410488,0.6311030741410488,accuracy,3318,1106,42
0,0,0,1,0,1,0,1,0,0,3,0.5027124773960217,0.5027124773960217,accuracy,3318,1106,42
0,0,0,1,0,1,0,0,1,0,3,0.5045207956600362,0.5045207956600362,accuracy,3318,1106,42
0,0,0,1,0,1,0,0,0,1,3,0.5027124773960217,0.5027124773960217,accuracy,3318,1106,42
0,0,0,1,0,0,1,1,0,0,3,0.6283905967450272,0.6283905967450272,accuracy,3318,1106,42
0,0,0,1,0,0,1,0,1,0,3,0.6256781193490054,0.6256781193490054,accuracy,3318,1106,42
0,0,0,1,0,0,1,0,0,1,3,0.6301989150090416,0.6301989150090416,accuracy,3318,1106,42
0,0,0,1,0,0,0,1,1,0,3,0.5144665461121157,0.5144665461121157,accuracy,3318,1106,42
0,0,0,1,0,0,0,1,0,1,3,0.5144665461121157,0.5144665461121157,accuracy,3318,1106,42
0,0,0,1,0,0,0,0,1,1,3,0.5135623869801085,0.5135623869801085,accuracy,3318,1106,42
0,0,0,0,1,1,1,0,0,0,3,0.6383363471971067,0.6383363471971067,accuracy,3318,1106,42
0,0,0,0,1,1,0,1,0,0,3,0.5036166365280289,0.5036166365280289,accuracy,3318,1106,42
0,0,0,0,1,1,0,0,1,0,3,0.4918625678119349,0.4918625678119349,accuracy,3318,1106,42
0,0,0,0,1,1,0,0,0,1,3,0.5009041591320073,0.5009041591320073,accuracy,3318,1106,42
0,0,0,0,1,0,1,1,0,0,3,0.6166365280289331,0.6166365280289331,accuracy,3318,1106,42
0,0,0,0,1,0,1,0,1,0,3,0.6229656419529838,0.6229656419529838,accuracy,3318,1106,42
0,0,0,0,1,0,1,0,0,1,3,0.6292947558770343,0.6292947558770343,accuracy,3318,1106,42
0,0,0,0,1,0,0,1,1,0,3,0.4945750452079566,0.4945750452079566,accuracy,3318,1106,42
0,0,0,0,1,0,0,1,0,1,3,0.4945750452079566,0.4945750452079566,accuracy,3318,1106,42
0,0,0,0,1,0,0,0,1,1,3,0.4945750452079566,0.4945750452079566,accuracy,3318,1106,42
0,0,0,0,0,1,1,1,0,0,3,0.6446654611211573,0.6446654611211573,accuracy,3318,1106,42
0,0,0,0,0,1,1,0,1,0,3,0.6428571428571429,0.6428571428571429,accuracy,3318,1106,42
0,0,0,0,0,1,1,0,0,1,3,0.6428571428571429,0.6428571428571429,accuracy,3318,1106,42
0,0,0,0,0,1,0,1,1,0,3,0.4873417721518987,0.4873417721518987,accuracy,3318,1106,42
0,0,0,0,0,1,0,1,0,1,3,0.4891500904159132,0.4891500904159132,accuracy,3318,1106,42
0,0,0,0,0,1,0,0,1,1,3,0.4873417721518987,0.4873417721518987,accuracy,3318,1106,42
0,0,0,0,0,0,1,1,1,0,3,0.6247739602169982,0.6247739602169982,accuracy,3318,1106,42
0,0,0,0,0,0,1,1,0,1,3,0.6274864376130199,0.6274864376130199,accuracy,3318,1106,42
0,0,0,0,0,0,1,0,1,1,3,0.6301989150090416,0.6301989150090416,accuracy,3318,1106,42
0,0,0,0,0,0,0,1,1,1,3,0.49909584086799275,0.49909584086799275,accuracy,3318,1106,42
1,1,1,1,0,0,0,0,0,0,4,0.5650994575045208,0.5650994575045208,accuracy,3318,1106,42
1,1,1,0,1,0,0,0,0,0,4,0.5750452079566004,0.5750452079566004,accuracy,3318,1106,42
1,1,1,0,0,1,0,0,0,0,4,0.5623869801084991,0.5623869801084991,accuracy,3318,1106,42
1,1,1,0,0,0,1,0,0,0,4,0.6446654611211573,0.6446654611211573,accuracy,3318,1106,42
1,1,1,0,0,0,0,1,0,0,4,0.5578661844484629,0.5578661844484629,accuracy,3318,1106,42
1,1,1,0,0,0,0,0,1,0,4,0.5551537070524413,0.5551537070524413,accuracy,3318,1106,42
1,1,1,0,0,0,0,0,0,1,4,0.5560578661844484,0.5560578661844484,accuracy,3318,1106,42
1,1,0,1,1,0,0,0,0,0,4,0.5650994575045208,0.5650994575045208,accuracy,3318,1106,42
1,1,0,1,0,1,0,0,0,0,4,0.5632911392405063,0.5632911392405063,accuracy,3318,1106,42
1,1,0,1,0,0,1,0,0,0,4,0.6518987341772152,0.6518987341772152,accuracy,3318,1106,42
1,1,0,1,0,0,0,1,0,0,4,0.5578661844484629,0.5578661844484629,accuracy,3318,1106,42
1,1,0,1,0,0,0,0,1,0,4,0.569620253164557,0.569620253164557,accuracy,3318,1106,42
1,1,0,1,0,0,0,0,0,1,4,0.5678119349005425,0.5678119349005425,accuracy,3318,1106,42
1,1,0,0,1,1,0,0,0,0,4,0.5687160940325497,0.5687160940325497,accuracy,3318,1106,42
1,1,0,0,1,0,1,0,0,0,4,0.6473779385171791,0.6473779385171791,accuracy,3318,1106,42
1,1,0,0,1,0,0,1,0,0,4,0.5732368896925859,0.5732368896925859,accuracy,3318,1106,42
1,1,0,0,1,0,0,0,1,0,4,0.5732368896925859,0.5732368896925859,accuracy,3318,1106,42
1,1,0,0,1,0,0,0,0,1,4,0.5687160940325497,0.5687160940325497,accuracy,3318,1106,42
1,1,0,0,0,1,1,0,0,0,4,0.6500904159132007,0.6500904159132007,accuracy,3318,1106,42
1,1,0,0,0,1,0,1,0,0,4,0.5596745027124774,0.5596745027124774,accuracy,3318,1106,42
1,1,0,0,0,1,0,0,1,0,4,0.5623869801084991,0.5623869801084991,accuracy,3318,1106,42
1,1,0,0,0,1,0,0,0,1,4,0.5632911392405063,0.5632911392405063,accuracy,3318,1106,42
1,1,0,0,0,0,1,1,0,0,4,0.6482820976491862,0.6482820976491862,accuracy,3318,1106,42
1,1,0,0,0,0,1,0,1,0,4,0.6320072332730561,0.6320072332730561,accuracy,3318,1106,42
1,1,0,0,0,0,1,0,0,1,4,0.6428571428571429,0.6428571428571429,accuracy,3318,1106,42
1,1,0,0,0,0,0,1,1,0,4,0.5560578661844484,0.5560578661844484,accuracy,3318,1106,42
1,1,0,0,0,0,0,1,0,1,4,0.5596745027124774,0.5596745027124774,accuracy,3318,1106,42
1,1,0,0,0,0,0,0,1,1,4,0.5614828209764918,0.5614828209764918,accuracy,3318,1106,42
1,0,1,1,1,0,0,0,0,0,4,0.5759493670886076,0.5759493670886076,accuracy,3318,1106,42
1,0,1,1,0,1,0,0,0,0,4,0.5705244122965641,0.5705244122965641,accuracy,3318,1106,42
1,0,1,1,0,0,1,0,0,0,4,0.6419529837251357,0.6419529837251357,accuracy,3318,1106,42
1,0,1,1,0,0,0,1,0,0,4,0.5488245931283906,0.5488245931283906,accuracy,3318,1106,42
1,0,1,1,0,0,0,0,1,0,4,0.5605786618444847,0.5605786618444847,accuracy,3318,1106,42
1,0,1,1,0,0,0,0,0,1,4,0.5533453887884268,0.5533453887884268,accuracy,3318,1106,42
1,0,1,0,1,1,0,0,0,0,4,0.5822784810126582,0.5822784810126582,accuracy,3318,1106,42
1,0,1,0,1,0,1,0,0,0,4,0.6500904159132007,0.6500904159132007,accuracy,3318,1106,42
1,0,1,0,1,0,0,1,0,0,4,0.554249547920434,0.554249547920434,accuracy,3318,1106,42
1,0,1,0,1,0,0,0,1,0,4,0.5614828209764918,0.5614828209764918,accuracy,3318,1106,42
1,0,1,0,1,0,0,0,0,1,4,0.5623869801084991,0.5623869801084991,accuracy,3318,1106,42
1,0,1,0,0,1,1,0,0,0,4,0.6500904159132007,0.6500904159132007,accuracy,3318,1106,42
1,0,1,0,0,1,0,1,0,0,4,0.5424954792043399,0.5424954792043399,accuracy,3318,1106,42
1,0,1,0,0,1,0,0,1,0,4,0.5524412296564195,0.5524412296564195,accuracy,3318,1106,42
1,0,1,0,0,1,0,0,0,1,4,0.546112115732369,0.546112115732369,accuracy,3318,1106,42
1,0,1,0,0,0,1,1,0,0,4,0.6446654611211573,0.6446654611211573,accuracy,3318,1106,42
1,0,1,0,0,0,1,0,1,0,4,0.6365280289330922,0.6365280289330922,accuracy,3318,1106,42
1,0,1,0,0,0,1,0,0,1,4,0.6320072332730561,0.6320072332730561,accuracy,3318,1106,42
1,0,1,0,0,0,0,1,1,0,4,0.5415913200723327,0.5415913200723327,accuracy,3318,1106,42
1,0,1,0,0,0,0,1,0,1,4,0.5397830018083183,0.5397830018083183,accuracy,3318,1106,42
1,0,1,0,0,0,0,0,1,1,4,0.5497287522603979,0.5497287522603979,accuracy,3318,1106,42
1,0,0,1,1,1,0,0,0,0,4,0.5786618444846293,0.5786618444846293,accuracy,3318,1106,42
1,0,0,1,1,0,1,0,0,0,4,0.6609403254972875,0.6609403254972875,accuracy,3318,1106,42
1,0,0,1,1,0,0,1,0,0,4,0.566003616636528,0.566003616636528,accuracy,3318,1106,42
1,0,0,1,1,0,0,0,1,0,4,0.5705244122965641,0.5705244122965641,accuracy,3318,1106,42
1,0,0,1,1,0,0,0,0,1,4,0.5741410488245932,0.5741410488245932,accuracy,3318,1106,42
1,0,0,1,0,1,1,0,0,0,4,0.6609403254972875,0.6609403254972875,accuracy,3318,1106,42
1,0,0,1,0,1,0,1,0,0,4,0.5705244122965641,0.5705244122965641,accuracy,3318,1106,42
1,0,0,1,0,1,0,0,1,0,4,0.5623869801084991,0.5623869801084991,accuracy,3318,1106,42
1,0,0,1,0,1,0,0,0,1,4,0.5705244122965641,0.5705244122965641,accuracy,3318,1106,42
1,0,0,1,0,0,1,1,0,0,4,0.6446654611211573,0.6446654611211573,accuracy,3318,1106,42
1,0,0,1,0,0,1,0,1,0,4,0.6410488245931284,0.6410488245931284,accuracy,3318,1106,42
1,0,0,1,0,0,1,0,0,1,4,0.6455696202531646,0.6455696202531646,accuracy,3318,1106,42
1,0,0,1,0,0,0,1,1,0,4,0.5506329113924051,0.5506329113924051,accuracy,3318,1106,42
1,0,0,1,0,0,0,1,0,1,4,0.5641952983725136,0.5641952983725136,accuracy,3318,1106,42
1,0,0,1,0,0,0,0,1,1,4,0.5614828209764918,0.5614828209764918,accuracy,3318,1106,42
1,0,0,0,1,1,1,0,0,0,4,0.6537070524412296,0.6537070524412296,accuracy,3318,1106,42
1,0,0,0,1,1,0,1,0,0,4,0.5569620253164557,0.5569620253164557,accuracy,3318,1106,42
1,0,0,0,1,1,0,0,1,0,4,0.5714285714285714,0.5714285714285714,accuracy,3318,1106,42
1,0,0,0,1,1,0,0,0,1,4,0.5605786618444847,0.5605786618444847,accuracy,3318,1106,42
1,0,0,0,1,0,1,1,0,0,4,0.6265822784810127,0.6265822784810127,accuracy,3318,1106,42
1,0,0,0,1,0,1,0,1,0,4,0.6320072332730561,0.6320072332730561,accuracy,3318,1106,42
1,0,0,0,1,0,1,0,0,1,4,0.635623869801085,0.635623869801085,accuracy,3318,1106,42
1,0,0,0,1,0,0,1,1,0,4,0.5488245931283906,0.5488245931283906,accuracy,3318,1106,42
1,0,0,0,1,0,0,1,0,1,4,0.554249547920434,0.554249547920434,accuracy,3318,1106,42
1,0,0,0,1,0,0,0,1,1,4,0.5623869801084991,0.5623869801084991,accuracy,3318,1106,42
1,0,0,0,0,1,1,1,0,0,4,0.650994575045208,0.650994575045208,accuracy,3318,1106,42
1,0,0,0,0,1,1,0,1,0,4,0.64376130198915,0.64376130198915,accuracy,3318,1106,42
1,0,0,0,0,1,1,0,0,1,4,0.6446654611211573,0.6446654611211573,accuracy,3318,1106,42
1,0,0,0,0,1,0,1,1,0,4,0.5524412296564195,0.5524412296564195,accuracy,3318,1106,42
1,0,0,0,0,1,0,1,0,1,4,0.5470162748643761,0.5470162748643761,accuracy,3318,1106,42
1,0,0,0,0,1,0,0,1,1,4,0.5569620253164557,0.5569620253164557,accuracy,3318,1106,42
1,0,0,0,0,0,1,1,1,0,4,0.6320072332730561,0.6320072332730561,accuracy,3318,1106,42
1,0,0,0,0,0,1,1,0,1,4,0.6292947558770343,0.6292947558770343,accuracy,3318,1106,42
1,0,0,0,0,0,1,0,1,1,4,0.6320072332730561,0.6320072332730561,accuracy,3318,1106,42
1,0,0,0,0,0,0,1,1,1,4,0.5452079566003617,0.5452079566003617,accuracy,3318,1106,42
0,1,1,1,1,0,0,0,0,0,4,0.5443037974683544,0.5443037974683544,accuracy,3318,1106,42
0,1,1,1,0,1,0,0,0,0,4,0.5162748643761302,0.5162748643761302,accuracy,3318,1106,42
0,1,1,1,0,0,1,0,0,0,4,0.6329113924050633,0.6329113924050633,accuracy,3318,1106,42
0,1,1,1,0,0,0,1,0,0,4,0.530741410488246,0.530741410488246,accuracy,3318,1106,42
0,1,1,1,0,0,0,0,1,0,4,0.5171790235081374,0.5171790235081374,accuracy,3318,1106,42
0,1,1,1,0,0,0,0,0,1,4,0.5316455696202531,0.5316455696202531,accuracy,3318,1106,42
0,1,1,0,1,1,0,0,0,0,4,0.5361663652802894,0.5361663652802894,accuracy,3318,1106,42
0,1,1,0,1,0,1,0,0,0,4,0.6274864376130199,0.6274864376130199,accuracy,3318,1106,42
0,1,1,0,1,0,0,1,0,0,4,0.5226039783001808,0.5226039783001808,accuracy,3318,1106,42
0,1,1,0,1,0,0,0,1,0,4,0.5298372513562387,0.5298372513562387,accuracy,3318,1106,42
0,1,1,0,1,0,0,0,0,1,4,0.530741410488246,0.530741410488246,accuracy,3318,1106,42
0,1,1,0,0,1,1,0,0,0,4,0.6347197106690777,0.6347197106690777,accuracy,3318,1106,42
0,1,1,0,0,1,0,1,0,0,4,0.5198915009041591,0.5198915009041591,accuracy,3318,1106,42
0,1,1,0,0,1,0,0,1,0,4,0.5207956600361664,0.5207956600361664,accuracy,3318,1106,42
0,1,1,0,0,1,0,0,0,1,4,0.5226039783001808,0.5226039783001808,accuracy,3318,1106,42
0,1,1,0,0,0,1,1,0,0,4,0.6311030741410488,0.6311030741410488,accuracy,3318,1106,42
0,1,1,0,0,0,1,0,1,0,4,0.6283905967450272,0.6283905967450272,accuracy,3318,1106,42
0,1,1,0,0,0,1,0,0,1,4,0.6229656419529838,0.6229656419529838,accuracy,3318,1106,42
0,1,1,0,0,0,0,1,1,0,4,0.5216998191681737,0.5216998191681737,accuracy,3318,1106,42
0,1,1,0,0,0,0,1,0,1,4,0.5289330922242315,0.5289330922242315,accuracy,3318,1106,42
0,1,1,0,0,0,0,0,1,1,4,0.5226039783001808,0.5226039783001808,accuracy,3318,1106,42
0,1,0,1,1,1,0,0,0,0,4,0.5452079566003617,0.5452079566003617,accuracy,3318,1106,42
0,1,0,1,1,0,1,0,0,0,4,0.6338155515370705,0.6338155515370705,accuracy,3318,1106,42
0,1,0,1,1,0,0,1,0,0,4,0.5316455696202531,0.5316455696202531,accuracy,3318,1106,42
0,1,0,1,1,0,0,0,1,0,4,0.527124773960217,0.527124773960217,accuracy,3318,1106,42
0,1,0,1,1,0,0,0,0,1,4,0.5289330922242315,0.5289330922242315,accuracy,3318,1106,42
0,1,0,1,0,1,1,0,0,0,4,0.6383363471971067,0.6383363471971067,accuracy,3318,1106,42
0,1,0,1,0,1,0,1,0,0,4,0.5244122965641953,0.5244122965641953,accuracy,3318,1106,42
0,1,0,1,0,1,0,0,1,0,4,0.5189873417721519,0.5189873417721519,accuracy,3318,1106,42
0,1,0,1,0,1,0,0,0,1,4,0.5189873417721519,0.5189873417721519,accuracy,3318,1106,42
0,1,0,1,0,0,1,1,0,0,4,0.6365280289330922,0.6365280289330922,accuracy,3318,1106,42
0,1,0,1,0,0,1,0,1,0,4,0.6365280289330922,0.6365280289330922,accuracy,3318,1106,42
0,1,0,1,0,0,1,0,0,1,4,0.6265822784810127,0.6265822784810127,accuracy,3318,1106,42
0,1,0,1,0,0,0,1,1,0,4,0.530741410488246,0.530741410488246,accuracy,3318,1106,42
0,1,0,1,0,0,0,1,0,1,4,0.5262206148282098,0.5262206148282098,accuracy,3318,1106,42
0,1,0,1,0,0,0,0,1,1,4,0.5207956600361664,0.5207956600361664,accuracy,3318,1106,42
0,1,0,0,1,1,1,0,0,0,4,0.6374321880650995,0.6374321880650995,accuracy,3318,1106,42
0,1,0,0,1,1,0,1,0,0,4,0.5045207956600362,0.5045207956600362,accuracy,3318,1106,42
0,1,0,0,1,1,0,0,1,0,4,0.5108499095840868,0.5108499095840868,accuracy,3318,1106,42
0,1,0,0,1,1,0,0,0,1,4,0.5054249547920434,0.5054249547920434,accuracy,3318,1106,42
0,1,0,0,1,0,1,1,0,0,4,0.6301989150090416,0.6301989150090416,accuracy,3318,1106,42
0,1,0,0,1,0,1,0,1,0,4,0.6265822784810127,0.6265822784810127,accuracy,3318,1106,42
0,1,0,0,1,0,1,0,0,1,4,0.6338155515370705,0.6338155515370705,accuracy,3318,1106,42
0,1,0,0,1,0,0,1,1,0,4,0.5117540687160941,0.5117540687160941,accuracy,3318,1106,42
0,1,0,0,1,0,0,1,0,1,4,0.5135623869801085,0.5135623869801085,accuracy,3318,1106,42
0,1,0,0,1,0,0,0,1,1,4,0.5262206148282098,0.5262206148282098,accuracy,3318,1106,42
0,1,0,0,0,1,1,1,0,0,4,0.6392405063291139,0.6392405063291139,accuracy,3318,1106,42
0,1,0,0,0,1,1,0,1,0,4,0.6428571428571429,0.6428571428571429,accuracy,3318,1106,42
0,1,0,0,0,1,1,0,0,1,4,0.64376130198915,0.64376130198915,accuracy,3318,1106,42
0,1,0,0,0,1,0,1,1,0,4,0.5099457504520796,0.5099457504520796,accuracy,3318,1106,42
0,1,0,0,0,1,0,1,0,1,4,0.5135623869801085,0.5135623869801085,accuracy,3318,1106,42
0,1,0,0,0,1,0,0,1,1,4,0.5063291139240507,0.5063291139240507,accuracy,3318,1106,42
0,1,0,0,0,0,1,1,1,0,4,0.6347197106690777,0.6347197106690777,accuracy,3318,1106,42
0,1,0,0,0,0,1,1,0,1,4,0.6338155515370705,0.6338155515370705,accuracy,3318,1106,42
0,1,0,0,0,0,1,0,1,1,4,0.6320072332730561,0.6320072332730561,accuracy,3318,1106,42
0,1,0,0,0,0,0,1,1,1,4,0.5216998191681737,0.5216998191681737,accuracy,3318,1106,42
0,0,1,1,1,1,0,0,0,0,4,0.5506329113924051,0.5506329113924051,accuracy,3318,1106,42
0,0,1,1,1,0,1,0,0,0,4,0.6283905967450272,0.6283905967450272,accuracy,3318,1106,42
0,0,1,1,1,0,0,1,0,0,4,0.49819168173598555,0.49819168173598555,accuracy,3318,1106,42
0,0,1,1,1,0,0,0,1,0,4,0.5063291139240507,0.5063291139240507,accuracy,3318,1106,42
0,0,1,1,1,0,0,0,0,1,4,0.5072332730560579,0.5072332730560579,accuracy,3318,1106,42
0,0,1,1,0,1,1,0,0,0,4,0.6283905967450272,0.6283905967450272,accuracy,3318,1106,42
0,0,1,1,0,1,0,1,0,0,4,0.5063291139240507,0.5063291139240507,accuracy,3318,1106,42
0,0,1,1,0,1,0,0,1,0,4,0.5072332730560579,0.5072332730560579,accuracy,3318,1106,42
0,0,1,1,0,1,0,0,0,1,4,0.5072332730560579,0.5072332730560579,accuracy,3318,1106,42
0,0,1,1,0,0,1,1,0,0,4,0.6229656419529838,0.6229656419529838,accuracy,3318,1106,42
0,0,1,1,0,0,1,0,1,0,4,0.6265822784810127,0.6265822784810127,accuracy,3318,1106,42
0,0,1,1,0,0,1,0,0,1,4,0.6292947558770343,0.6292947558770343,accuracy,3318,1106,42
0,0,1,1,0,0,0,1,1,0,4,0.49638336347197104,0.49638336347197104,accuracy,3318,1106,42
0,0,1,1,0,0,0,1,0,1,4,0.5045207956600362,0.5045207956600362,accuracy,3318,1106,42
0,0,1,1,0,0,0,0,1,1,4,0.4945750452079566,0.4945750452079566,accuracy,3318,1106,42
0,0,1,0,1,1,1,0,0,0,4,0.6365280289330922,0.6365280289330922,accuracy,3318,1106,42
0,0,1,0,1,1,0,1,0,0,4,0.5244122965641953,0.5244122965641953,accuracy,3318,1106,42
0,0,1,0,1,1,0,0,1,0,4,0.530741410488246,0.530741410488246,accuracy,3318,1106,42
0,0,1,0,1,1,0,0,0,1,4,0.530741410488246,0.530741410488246,accuracy,3318,1106,42
0,0,1,0,1,0,1,1,0,0,4,0.6274864376130199,0.6274864376130199,accuracy,3318,1106,42
0,0,1,0,1,0,1,0,1,0,4,0.6256781193490054,0.6256781193490054,accuracy,3318,1106,42
0,0,1,0,1,0,1,0,0,1,4,0.6274864376130199,0.6274864376130199,accuracy,3318,1106,42
0,0,1,0,1,0,0,1,1,0,4,0.5090415913200723,0.5090415913200723,accuracy,3318,1106,42
0,0,1,0,1,0,0,1,0,1,4,0.5099457504520796,0.5099457504520796,accuracy,3318,1106,42
0,0,1,0,1,0,0,0,1,1,4,0.5081374321880651,0.5081374321880651,accuracy,3318,1106,42
0,0,1,0,0,1,1,1,0,0,4,0.6292947558770343,0.6292947558770343,accuracy,3318,1106,42
0,0,1,0,0,1,1,0,1,0,4,0.6329113924050633,0.6329113924050633,accuracy,3318,1106,42
0,0,1,0,0,1,1,0,0,1,4,0.6256781193490054,0.6256781193490054,accuracy,3318,1106,42
0,0,1,0,0,1,0,1,1,0,4,0.4972875226039783,0.4972875226039783,accuracy,3318,1106,42
0,0,1,0,0,1,0,1,0,1,4,0.5018083182640145,0.5018083182640145,accuracy,3318,1106,42
0,0,1,0,0,1,0,0,1,1,4,0.49909584086799275,0.49909584086799275,accuracy,3318,1106,42
0,0,1,0,0,0,1,1,1,0,4,0.6211573236889693,0.6211573236889693,accuracy,3318,1106,42
0,0,1,0,0,0,1,1,0,1,4,0.620253164556962,0.620253164556962,accuracy,3318,1106,42
0,0,1,0,0,0,1,0,1,1,4,0.6193490054249547,0.6193490054249547,accuracy,3318,1106,42
0,0,1,0,0,0,0,1,1,1,4,0.5081374321880651,0.5081374321880651,accuracy,3318,1106,42
0,0,0,1,1,1,1,0,0,0,4,0.6374321880650995,0.6374321880650995,accuracy,3318,1106,42
0,0,0,1,1,1,0,1,0,0,4,0.5244122965641953,0.5244122965641953,accuracy,3318,1106,42
0,0,0,1,1,1,0,0,1,0,4,0.5343580470162749,0.5343580470162749,accuracy,3318,1106,42
0,0,0,1,1,1,0,0,0,1,4,0.5424954792043399,0.5424954792043399,accuracy,3318,1106,42
0,0,0,1,1,0,1,1,0,0,4,0.6247739602169982,0.6247739602169982,accuracy,3318,1106,42
0,0,0,1,1,0,1,0,1,0,4,0.620253164556962,0.620253164556962,accuracy,3318,1106,42
0,0,0,1,1,0,1,0,0,1,4,0.6329113924050633,0.6329113924050633,accuracy,3318,1106,42
0,0,0,1,1,0,0,1,1,0,4,0.5189873417721519,0.5189873417721519,accuracy,3318,1106,42
0,0,0,1,1,0,0,1,0,1,4,0.5180831826401446,0.5180831826401446,accuracy,3318,1106,42
0,0,0,1,1,0,0,0,1,1,4,0.5180831826401446,0.5180831826401446,accuracy,3318,1106,42
0,0,0,1,0,1,1,1,0,0,4,0.6392405063291139,0.6392405063291139,accuracy,3318,1106,42
0,0,0,1,0,1,1,0,1,0,4,0.635623869801085,0.635623869801085,accuracy,3318,1106,42
0,0,0,1,0,1,1,0,0,1,4,0.6338155515370705,0.6338155515370705,accuracy,3318,1106,42
0,0,0,1,0,1,0,1,1,0,4,0.5,0.5,accuracy,3318,1106,42
0,0,0,1,0,1,0,1,0,1,4,0.5,0.5,accuracy,3318,1106,42
0,0,0,1,0,1,0,0,1,1,4,0.5018083182640145,0.5018083182640145,accuracy,3318,1106,42
0,0,0,1,0,0,1,1,1,0,4,0.6247739602169982,0.6247739602169982,accuracy,3318,1106,42
0,0,0,1,0,0,1,1,0,1,4,0.6274864376130199,0.6274864376130199,accuracy,3318,1106,42
0,0,0,1,0,0,1,0,1,1,4,0.6292947558770343,0.6292947558770343,accuracy,3318,1106,42
0,0,0,1,0,0,0,1,1,1,4,0.5135623869801085,0.5135623869801085,accuracy,3318,1106,42
0,0,0,0,1,1,1,1,0,0,4,0.6320072332730561,0.6320072332730561,accuracy,3318,1106,42
0,0,0,0,1,1,1,0,1,0,4,0.6320072332730561,0.6320072332730561,accuracy,3318,1106,42
0,0,0,0,1,1,1,0,0,1,4,0.6338155515370705,0.6338155515370705,accuracy,3318,1106,42
0,0,0,0,1,1,0,1,1,0,4,0.5018083182640145,0.5018083182640145,accuracy,3318,1106,42
0,0,0,0,1,1,0,1,0,1,4,0.5,0.5,accuracy,3318,1106,42
0,0,0,0,1,1,0,0,1,1,4,0.49909584086799275,0.49909584086799275,accuracy,3318,1106,42
0,0,0,0,1,0,1,1,1,0,4,0.6193490054249547,0.6193490054249547,accuracy,3318,1106,42
0,0,0,0,1,0,1,1,0,1,4,0.6193490054249547,0.6193490054249547,accuracy,3318,1106,42
0,0,0,0,1,0,1,0,1,1,4,0.6193490054249547,0.6193490054249547,accuracy,3318,1106,42
0,0,0,0,1,0,0,1,1,1,4,0.4945750452079566,0.4945750452079566,accuracy,3318,1106,42
0,0,0,0,0,1,1,1,1,0,4,0.6292947558770343,0.6292947558770343,accuracy,3318,1106,42
0,0,0,0,0,1,1,1,0,1,4,0.6329113924050633,0.6329113924050633,accuracy,3318,1106,42
0,0,0,0,0,1,1,0,1,1,4,0.635623869801085,0.635623869801085,accuracy,3318,1106,42
0,0,0,0,0,1,0,1,1,1,4,0.4864376130198915,0.4864376130198915,accuracy,3318,1106,42
0,0,0,0,0,0,1,1,1,1,4,0.6283905967450272,0.6283905967450272,accuracy,3318,1106,42
1,1,1,1,1,0,0,0,0,0,5,0.5768535262206148,0.5768535262206148,accuracy,3318,1106,42
1,1,1,1,0,1,0,0,0,0,5,0.5678119349005425,0.5678119349005425,accuracy,3318,1106,42
1,1,1,1,0,0,1,0,0,0,5,0.6482820976491862,0.6482820976491862,accuracy,3318,1106,42
1,1,1,1,0,0,0,1,0,0,5,0.5732368896925859,0.5732368896925859,accuracy,3318,1106,42
1,1,1,1,0,0,0,0,1,0,5,0.569620253164557,0.569620253164557,accuracy,3318,1106,42
1,1,1,1,0,0,0,0,0,1,5,0.5623869801084991,0.5623869801084991,accuracy,3318,1106,42
1,1,1,0,1,1,0,0,0,0,5,0.5795660036166366,0.5795660036166366,accuracy,3318,1106,42
1,1,1,0,1,0,1,0,0,0,5,0.6528028933092225,0.6528028933092225,accuracy,3318,1106,42
1,1,1,0,1,0,0,1,0,0,5,0.5650994575045208,0.5650994575045208,accuracy,3318,1106,42
1,1,1,0,1,0,0,0,1,0,5,0.5741410488245932,0.5741410488245932,accuracy,3318,1106,42
1,1,1,0,1,0,0,0,0,1,5,0.5705244122965641,0.5705244122965641,accuracy,3318,1106,42
1,1,1,0,0,1,1,0,0,0,5,0.6573236889692586,0.6573236889692586,accuracy,3318,1106,42
1,1,1,0,0,1,0,1,0,0,5,0.5705244122965641,0.5705244122965641,accuracy,3318,1106,42
1,1,1,0,0,1,0,0,1,0,5,0.5714285714285714,0.5714285714285714,accuracy,3318,1106,42
1,1,1,0,0,1,0,0,0,1,5,0.5578661844484629,0.5578661844484629,accuracy,3318,1106,42
1,1,1,0,0,0,1,1,0,0,5,0.6491862567811935,0.6491862567811935,accuracy,3318,1106,42
1,1,1,0,0,0,1,0,1,0,5,0.6446654611211573,0.6446654611211573,accuracy,3318,1106,42
1,1,1,0,0,0,1,0,0,1,5,0.6491862567811935,0.6491862567811935,accuracy,3318,1106,42
1,1,1,0,0,0,0,1,1,0,5,0.554249547920434,0.554249547920434,accuracy,3318,1106,42
1,1,1,0,0,0,0,1,0,1,5,0.5524412296564195,0.5524412296564195,accuracy,3318,1106,42
1,1,1,0,0,0,0,0,1,1,5,0.5569620253164557,0.5569620253164557,accuracy,3318,1106,42
1,1,0,1,1,1,0,0,0,0,5,0.5831826401446655,0.5831826401446655,accuracy,3318,1106,42
1,1,0,1,1,0,1,0,0,0,5,0.6573236889692586,0.6573236889692586,accuracy,3318,1106,42
1,1,0,1,1,0,0,1,0,0,5,0.5786618444846293,0.5786618444846293,accuracy,3318,1106,42
1,1,0,1,1,0,0,0,1,0,5,0.5777576853526221,0.5777576853526221,accuracy,3318,1106,42
1,1,0,1,1,0,0,0,0,1,5,0.581374321880651,0.581374321880651,accuracy,3318,1106,42
1,1,0,1,0,1,1,0,0,0,5,0.6609403254972875,0.6609403254972875,accuracy,3318,1106,42
1,1,0,1,0,1,0,1,0,0,5,0.5741410488245932,0.5741410488245932,accuracy,3318,1106,42
1,1,0,1,0,1,0,0,1,0,5,0.5732368896925859,0.5732368896925859,accuracy,3318,1106,42
1,1,0,1,0,1,0,0,0,1,5,0.566003616636528,0.566003616636528,accuracy,3318,1106,42
1,1,0,1,0,0,1,1,0,0,5,0.6491862567811935,0.6491862567811935,accuracy,3318,1106,42
1,1,0,1,0,0,1,0,1,0,5,0.6482820976491862,0.6482820976491862,accuracy,3318,1106,42
1,1,0,1,0,0,1,0,0,1,5,0.6482820976491862,0.6482820976491862,accuracy,3318,1106,42
1,1,0,1,0,0,0,1,1,0,5,0.5623869801084991,0.5623869801084991,accuracy,3318,1106,42
1,1,0,1,0,0,0,1,0,1,5,0.566003616636528,0.566003616636528,accuracy,3318,1106,42
1,1,0,1,0,0,0,0,1,1,5,0.5687160940325497,0.5687160940325497,accuracy,3318,1106,42
1,1,0,0,1,1,1,0,0,0,5,0.650994575045208,0.650994575045208,accuracy,3318,1106,42
1,1,0,0,1,1,0,1,0,0,5,0.5732368896925859,0.5732368896925859,accuracy,3318,1106,42
1,1,0,0,1,1,0,0,1,0,5,0.5858951175406871,0.5858951175406871,accuracy,3318,1106,42
1,1,0,0,1,1,0,0,0,1,5,0.5768535262206148,0.5768535262206148,accuracy,3318,1106,42
1,1,0,0,1,0,1,1,0,0,5,0.6419529837251357,0.6419529837251357,accuracy,3318,1106,42
1,1,0,0,1,0,1,0,1,0,5,0.64376130198915,0.64376130198915,accuracy,3318,1106,42
1,1,0,0,1,0,1,0,0,1,5,0.6455696202531646,0.6455696202531646,accuracy,3318,1106,42
1,1,0,0,1,0,0,1,1,0,5,0.5678119349005425,0.5678119349005425,accuracy,3318,1106,42
1,1,0,0,1,0,0,1,0,1,5,0.5596745027124774,0.5596745027124774,accuracy,3318,1106,42
1,1,0,0,1,0,0,0,1,1,5,0.5714285714285714,0.5714285714285714,accuracy,3318,1106,42
1,1,0,0,0,1,1,1,0,0,5,0.6491862567811935,0.6491862567811935,accuracy,3318,1106,42
1,1,0,0,0,1,1,0,1,0,5,0.6473779385171791,0.6473779385171791,accuracy,3318,1106,42
1,1,0,0,0,1,1,0,0,1,5,0.6473779385171791,0.6473779385171791,accuracy,3318,1106,42
1,1,0,0,0,1,0,1,1,0,5,0.5632911392405063,0.5632911392405063,accuracy,3318,1106,42
1,1,0,0,0,1,0,1,0,1,5,0.5641952983725136,0.5641952983725136,accuracy,3318,1106,42
1,1,0,0,0,1,0,0,1,1,5,0.5705244122965641,0.5705244122965641,accuracy,3318,1106,42
1,1,0,0,0,0,1,1,1,0,5,0.64376130198915,0.64376130198915,accuracy,3318,1106,42
1,1,0,0,0,0,1,1,0,1,5,0.6428571428571429,0.6428571428571429,accuracy,3318,1106,42
1,1,0,0,0,0,1,0,1,1,5,0.6383363471971067,0.6383363471971067,accuracy,3318,1106,42
1,1,0,0,0,0,0,1,1,1,5,0.5560578661844484,0.5560578661844484,accuracy,3318,1106,42
1,0,1,1,1,1,0,0,0,0,5,0.5804701627486437,0.5804701627486437,accuracy,3318,1106,42
1,0,1,1,1,0,1,0,0,0,5,0.6555153707052441,0.6555153707052441,accuracy,3318,1106,42
1,0,1,1,1,0,0,1,0,0,5,0.5714285714285714,0.5714285714285714,accuracy,3318,1106,42
1,0,1,1,1,0,0,0,1,0,5,0.5750452079566004,0.5750452079566004,accuracy,3318,1106,42
1,0,1,1,1,0,0,0,0,1,5,0.5732368896925859,0.5732368896925859,accuracy,3318,1106,42
1,0,1,1,0,1,1,0,0,0,5,0.6573236889692586,0.6573236889692586,accuracy,3318,1106,42
1,0,1,1,0,1,0,1,0,0,5,0.5669077757685352,0.5669077757685352,accuracy,3318,1106,42
1,0,1,1,0,1,0,0,1,0,5,0.566003616636528,0.566003616636528,accuracy,3318,1106,42
1,0,1,1,0,1,0,0,0,1,5,0.5614828209764918,0.5614828209764918,accuracy,3318,1106,42
1,0,1,1,0,0,1,1,0,0,5,0.6464737793851718,0.6464737793851718,accuracy,3318,1106,42
1,0,1,1,0,0,1,0,1,0,5,0.6455696202531646,0.6455696202531646,accuracy,3318,1106,42
1,0,1,1,0,0,1,0,0,1,5,0.6419529837251357,0.6419529837251357,accuracy,3318,1106,42
1,0,1,1,0,0,0,1,1,0,5,0.5605786618444847,0.5605786618444847,accuracy,3318,1106,42
1,0,1,1,0,0,0,1,0,1,5,0.5560578661844484,0.5560578661844484,accuracy,3318,1106,42
1,0,1,1,0,0,0,0,1,1,5,0.5605786618444847,0.5605786618444847,accuracy,3318,1106,42
1,0,1,0,1,1,1,0,0,0,5,0.6636528028933092,0.6636528028933092,accuracy,3318,1106,42
1,0,1,0,1,1,0,1,0,0,5,0.5714285714285714,0.5714285714285714,accuracy,3318,1106,42
1,0,1,0,1,1,0,0,1,0,5,0.5840867992766727,0.5840867992766727,accuracy,3318,1106,42
1,0,1,0,1,1,0,0,0,1,5,0.5786618444846293,0.5786618444846293,accuracy,3318,1106,42
1,0,1,0,1,0,1,1,0,0,5,0.6338155515370705,0.6338155515370705,accuracy,3318,1106,42
1,0,1,0,1,0,1,0,1,0,5,0.650994575045208,0.650994575045208,accuracy,3318,1106,42
1,0,1,0,1,0,1,0,0,1,5,0.6455696202531646,0.6455696202531646,accuracy,3318,1106,42
1,0,1,0,1,0,0,1,1,0,5,0.5614828209764918,0.5614828209764918,accuracy,3318,1106,42
1,0,1,0,1,0,0,1,0,1,5,0.5632911392405063,0.5632911392405063,accuracy,3318,1106,42
1,0,1,0,1,0,0,0,1,1,5,0.5650994575045208,0.5650994575045208,accuracy,3318,1106,42
1,0,1,0,0,1,1,1,0,0,5,0.6546112115732369,0.6546112115732369,accuracy,3318,1106,42
1,0,1,0,0,1,1,0,1,0,5,0.6537070524412296,0.6537070524412296,accuracy,3318,1106,42
1,0,1,0,0,1,1,0,0,1,5,0.650994575045208,0.650994575045208,accuracy,3318,1106,42
1,0,1,0,0,1,0,1,1,0,5,0.5506329113924051,0.5506329113924051,accuracy,3318,1106,42
1,0,1,0,0,1,0,1,0,1,5,0.5524412296564195,0.5524412296564195,accuracy,3318,1106,42
1,0,1,0,0,1,0,0,1,1,5,0.5497287522603979,0.5497287522603979,accuracy,3318,1106,42
1,0,1,0,0,0,1,1,1,0,5,0.6392405063291139,0.6392405063291139,accuracy,3318,1106,42
1,0,1,0,0,0,1,1,0,1,5,0.6347197106690777,0.6347197106690777,accuracy,3318,1106,42
1,0,1,0,0,0,1,0,1,1,5,0.6329113924050633,0.6329113924050633,accuracy,3318,1106,42
1,0,1,0,0,0,0,1,1,1,5,0.5379746835443038,0.5379746835443038,accuracy,3318,1106,42
1,0,0,1,1,1,1,0,0,0,5,0.6654611211573237,0.6654611211573237,accuracy,3318,1106,42
1,0,0,1,1,1,0,1,0,0,5,0.5777576853526221,0.5777576853526221,accuracy,3318,1106,42
1,0,0,1,1,1,0,0,1,0,5,0.5741410488245932,0.5741410488245932,accuracy,3318,1106,42
1,0,0,1,1,1,0,0,0,1,5,0.5831826401446655,0.5831826401446655,accuracy,3318,1106,42
1,0,0,1,1,0,1,1,0,0,5,0.64376130198915,0.64376130198915,accuracy,3318,1106,42
1,0,0,1,1,0,1,0,1,0,5,0.6528028933092225,0.6528028933092225,accuracy,3318,1106,42
1,0,0,1,1,0,1,0,0,1,5,0.6446654611211573,0.6446654611211573,accuracy,3318,1106,42
1,0,0,1,1,0,0,1,1,0,5,0.5750452079566004,0.5750452079566004,accuracy,3318,1106,42
1,0,0,1,1,0,0,1,0,1,5,0.5605786618444847,0.5605786618444847,accuracy,3318,1106,42
1,0,0,1,1,0,0,0,1,1,5,0.5759493670886076,0.5759493670886076,accuracy,3318,1106,42
1,0,0,1,0,1,1,1,0,0,5,0.6537070524412296,0.6537070524412296,accuracy,3318,1106,42
1,0,0,1,0,1,1,0,1,0,5,0.6500904159132007,0.6500904159132007,accuracy,3318,1106,42
1,0,0,1,0,1,1,0,0,1,5,0.6609403254972875,0.6609403254972875,accuracy,3318,1106,42
1,0,0,1,0,1,0,1,1,0,5,0.5714285714285714,0.5714285714285714,accuracy,3318,1106,42
1,0,0,1,0,1,0,1,0,1,5,0.566003616636528,0.566003616636528,accuracy,3318,1106,42
1,0,0,1,0,1,0,0,1,1,5,0.5687160940325497,0.5687160940325497,accuracy,3318,1106,42
1,0,0,1,0,0,1,1,1,0,5,0.6392405063291139,0.6392405063291139,accuracy,3318,1106,42
1,0,0,1,0,0,1,1,0,1,5,0.6491862567811935,0.6491862567811935,accuracy,3318,1106,42
1,0,0,1,0,0,1,0,1,1,5,0.6428571428571429,0.6428571428571429,accuracy,3318,1106,42
1,0,0,1,0,0,0,1,1,1,5,0.5614828209764918,0.5614828209764918,accuracy,3318,1106,42
1,0,0,0,1,1,1,1,0,0,5,0.6464737793851718,0.6464737793851718,accuracy,3318,1106,42
1,0,0,0,1,1,1,0,1,0,5,0.6500904159132007,0.6500904159132007,accuracy,3318,1106,42
1,0,0,0,1,1,1,0,0,1,5,0.6555153707052441,0.6555153707052441,accuracy,3318,1106,42
1,0,0,0,1,1,0,1,1,0,5,0.5587703435804702,0.5587703435804702,accuracy,3318,1106,42
1,0,0,0,1,1,0,1,0,1,5,0.5596745027124774,0.5596745027124774,accuracy,3318,1106,42
1,0,0,0,1,1,0,0,1,1,5,0.569620253164557,0.569620253164557,accuracy,3318,1106,42
1,0,0,0,1,0,1,1,1,0,5,0.6292947558770343,0.6292947558770343,accuracy,3318,1106,42
1,0,0,0,1,0,1,1,0,1,5,0.6311030741410488,0.6311030741410488,accuracy,3318,1106,42
1,0,0,0,1,0,1,0,1,1,5,0.635623869801085,0.635623869801085,accuracy,3318,1106,42
1,0,0,0,1,0,0,1,1,1,5,0.5587703435804702,0.5587703435804702,accuracy,3318,1106,42
1,0,0,0,0,1,1,1,1,0,5,0.6410488245931284,0.6410488245931284,accuracy,3318,1106,42
1,0,0,0,0,1,1,1,0,1,5,0.6401446654611211,0.6401446654611211,accuracy,3318,1106,42
1,0,0,0,0,1,1,0,1,1,5,0.6365280289330922,0.6365280289330922,accuracy,3318,1106,42
1,0,0,0,0,1,0,1,1,1,5,0.5515370705244123,0.5515370705244123,accuracy,3318,1106,42
1,0,0,0,0,0,1,1,1,1,5,0.6283905967450272,0.6283905967450272,accuracy,3318,1106,42
0,1,1,1,1,1,0,0,0,0,5,0.5524412296564195,0.5524412296564195,accuracy,3318,1106,42
0,1,1,1,1,0,1,0,0,0,5,0.6374321880650995,0.6374321880650995,accuracy,3318,1106,42
0,1,1,1,1,0,0,1,0,0,5,0.5289330922242315,0.5289330922242315,accuracy,3318,1106,42
0,1,1,1,1,0,0,0,1,0,5,0.5072332730560579,0.5072332730560579,accuracy,3318,1106,42
0,1,1,1,1,0,0,0,0,1,5,0.5216998191681737,0.5216998191681737,accuracy,3318,1106,42
0,1,1,1,0,1,1,0,0,0,5,0.6311030741410488,0.6311030741410488,accuracy,3318,1106,42
0,1,1,1,0,1,0,1,0,0,5,0.5171790235081374,0.5171790235081374,accuracy,3318,1106,42
0,1,1,1,0,1,0,0,1,0,5,0.5262206148282098,0.5262206148282098,accuracy,3318,1106,42
0,1,1,1,0,1,0,0,0,1,5,0.5289330922242315,0.5289330922242315,accuracy,3318,1106,42
0,1,1,1,0,0,1,1,0,0,5,0.6256781193490054,0.6256781193490054,accuracy,3318,1106,42
0,1,1,1,0,0,1,0,1,0,5,0.6256781193490054,0.6256781193490054,accuracy,3318,1106,42
0,1,1,1,0,0,1,0,0,1,5,0.6347197106690777,0.6347197106690777,accuracy,3318,1106,42
0,1,1,1,0,0,0,1,1,0,5,0.5207956600361664,0.5207956600361664,accuracy,3318,1106,42
0,1,1,1,0,0,0,1,0,1,5,0.5198915009041591,0.5198915009041591,accuracy,3318,1106,42
0,1,1,1,0,0,0,0,1,1,5,0.5180831826401446,0.5180831826401446,accuracy,3318,1106,42
0,1,1,0,1,1,1,0,0,0,5,0.6274864376130199,0.6274864376130199,accuracy,3318,1106,42
0,1,1,0,1,1,0,1,0,0,5,0.5280289330922242,0.5280289330922242,accuracy,3318,1106,42
0,1,1,0,1,1,0,0,1,0,5,0.5244122965641953,0.5244122965641953,accuracy,3318,1106,42
0,1,1,0,1,1,0,0,0,1,5,0.538878842676311,0.538878842676311,accuracy,3318,1106,42
0,1,1,0,1,0,1,1,0,0,5,0.6365280289330922,0.6365280289330922,accuracy,3318,1106,42
0,1,1,0,1,0,1,0,1,0,5,0.6283905967450272,0.6283905967450272,accuracy,3318,1106,42
0,1,1,0,1,0,1,0,0,1,5,0.6320072332730561,0.6320072332730561,accuracy,3318,1106,42
0,1,1,0,1,0,0,1,1,0,5,0.5207956600361664,0.5207956600361664,accuracy,3318,1106,42
0,1,1,0,1,0,0,1,0,1,5,0.5207956600361664,0.5207956600361664,accuracy,3318,1106,42
0,1,1,0,1,0,0,0,1,1,5,0.527124773960217,0.527124773960217,accuracy,3318,1106,42
0,1,1,0,0,1,1,1,0,0,5,0.6365280289330922,0.6365280289330922,accuracy,3318,1106,42
0,1,1,0,0,1,1,0,1,0,5,0.6338155515370705,0.6338155515370705,accuracy,3318,1106,42
0,1,1,0,0,1,1,0,0,1,5,0.6338155515370705,0.6338155515370705,accuracy,3318,1106,42
0,1,1,0,0,1,0,1,1,0,5,0.5180831826401446,0.5180831826401446,accuracy,3318,1106,42
0,1,1,0,0,1,0,1,0,1,5,0.5180831826401446,0.5180831826401446,accuracy,3318,1106,42
0,1,1,0,0,1,0,0,1,1,5,0.5226039783001808,0.5226039783001808,accuracy,3318,1106,42
0,1,1,0,0,0,1,1,1,0,5,0.635623869801085,0.635623869801085,accuracy,3318,1106,42
0,1,1,0,0,0,1,1,0,1,5,0.6320072332730561,0.6320072332730561,accuracy,3318,1106,42
0,1,1,0,0,0,1,0,1,1,5,0.6247739602169982,0.6247739602169982,accuracy,3318,1106,42
0,1,1,0,0,0,0,1,1,1,5,0.5207956600361664,0.5207956600361664,accuracy,3318,1106,42
0,1,0,1,1,1,1,0,0,0,5,0.6365280289330922,0.6365280289330922,accuracy,3318,1106,42
0,1,0,1,1,1,0,1,0,0,5,0.5343580470162749,0.5343580470162749,accuracy,3318,1106,42
0,1,0,1,1,1,0,0,1,0,5,0.5379746835443038,0.5379746835443038,accuracy,3318,1106,42
0,1,0,1,1,1,0,0,0,1,5,0.5415913200723327,0.5415913200723327,accuracy,3318,1106,42
0,1,0,1,1,0,1,1,0,0,5,0.6392405063291139,0.6392405063291139,accuracy,3318,1106,42
0,1,0,1,1,0,1,0,1,0,5,0.6283905967450272,0.6283905967450272,accuracy,3318,1106,42
0,1,0,1,1,0,1,0,0,1,5,0.635623869801085,0.635623869801085,accuracy,3318,1106,42
0,1,0,1,1,0,0,1,1,0,5,0.5198915009041591,0.5198915009041591,accuracy,3318,1106,42
0,1,0,1,1,0,0,1,0,1,5,0.5226039783001808,0.5226039783001808,accuracy,3318,1106,42
0,1,0,1,1,0,0,0,1,1,5,0.5226039783001808,0.5226039783001808,accuracy,3318,1106,42
0,1,0,1,0,1,1,1,0,0,5,0.6329113924050633,0.6329113924050633,accuracy,3318,1106,42
0,1,0,1,0,1,1,0,1,0,5,0.6428571428571429,0.6428571428571429,accuracy,3318,1106,42
0,1,0,1,0,1,1,0,0,1,5,0.6374321880650995,0.6374321880650995,accuracy,3318,1106,42
0,1,0,1,0,1,0,1,1,0,5,0.5226039783001808,0.5226039783001808,accuracy,3318,1106,42
0,1,0,1,0,1,0,1,0,1,5,0.5171790235081374,0.5171790235081374,accuracy,3318,1106,42
0,1,0,1,0,1,0,0,1,1,5,0.5117540687160941,0.5117540687160941,accuracy,3318,1106,42
0,1,0,1,0,0,1,1,1,0,5,0.6311030741410488,0.6311030741410488,accuracy,3318,1106,42
0,1,0,1,0,0,1,1,0,1,5,0.635623869801085,0.635623869801085,accuracy,3318,1106,42
0,1,0,1,0,0,1,0,1,1,5,0.6274864376130199,0.6274864376130199,accuracy,3318,1106,42
0,1,0,1,0,0,0,1,1,1,5,0.527124773960217,0.527124773960217,accuracy,3318,1106,42
0,1,0,0,1,1,1,1,0,0,5,0.6283905967450272,0.6283905967450272,accuracy,3318,1106,42
0,1,0,0,1,1,1,0,1,0,5,0.6374321880650995,0.6374321880650995,accuracy,3318,1106,42
0,1,0,0,1,1,1,0,0,1,5,0.6401446654611211,0.6401446654611211,accuracy,3318,1106,42
0,1,0,0,1,1,0,1,1,0,5,0.5063291139240507,0.5063291139240507,accuracy,3318,1106,42
0,1,0,0,1,1,0,1,0,1,5,0.5054249547920434,0.5054249547920434,accuracy,3318,1106,42
0,1,0,0,1,1,0,0,1,1,5,0.5117540687160941,0.5117540687160941,accuracy,3318,1106,42
0,1,0,0,1,0,1,1,1,0,5,0.6320072332730561,0.6320072332730561,accuracy,3318,1106,42
0,1,0,0,1,0,1,1,0,1,5,0.6311030741410488,0.6311030741410488,accuracy,3318,1106,42
0,1,0,0,1,0,1,0,1,1,5,0.6374321880650995,0.6374321880650995,accuracy,3318,1106,42
0,1,0,0,1,0,0,1,1,1,5,0.5216998191681737,0.5216998191681737,accuracy,3318,1106,42
0,1,0,0,0,1,1,1,1,0,5,0.6392405063291139,0.6392405063291139,accuracy,3318,1106,42
0,1,0,0,0,1,1,1,0,1,5,0.635623869801085,0.635623869801085,accuracy,3318,1106,42
0,1,0,0,0,1,1,0,1,1,5,0.6374321880650995,0.6374321880650995,accuracy,3318,1106,42
0,1,0,0,0,1,0,1,1,1,5,0.5090415913200723,0.5090415913200723,accuracy,3318,1106,42
0,1,0,0,0,0,1,1,1,1,5,0.6347197106690777,0.6347197106690777,accuracy,3318,1106,42
0,0,1,1,1,1,1,0,0,0,5,0.6374321880650995,0.6374321880650995,accuracy,3318,1106,42
0,0,1,1,1,1,0,1,0,0,5,0.5262206148282098,0.5262206148282098,accuracy,3318,1106,42
0,0,1,1,1,1,0,0,1,0,5,0.5280289330922242,0.5280289330922242,accuracy,3318,1106,42
0,0,1,1,1,1,0,0,0,1,5,0.5244122965641953,0.5244122965641953,accuracy,3318,1106,42
0,0,1,1,1,0,1,1,0,0,5,0.6338155515370705,0.6338155515370705,accuracy,3318,1106,42
0,0,1,1,1,0,1,0,1,0,5,0.635623869801085,0.635623869801085,accuracy,3318,1106,42
0,0,1,1,1,0,1,0,0,1,5,0.6320072332730561,0.6320072332730561,accuracy,3318,1106,42
0,0,1,1,1,0,0,1,1,0,5,0.5018083182640145,0.5018083182640145,accuracy,3318,1106,42
0,0,1,1,1,0,0,1,0,1,5,0.5027124773960217,0.5027124773960217,accuracy,3318,1106,42
0,0,1,1,1,0,0,0,1,1,5,0.5027124773960217,0.5027124773960217,accuracy,3318,1106,42
0,0,1,1,0,1,1,1,0,0,5,0.6274864376130199,0.6274864376130199,accuracy,3318,1106,42
0,0,1,1,0,1,1,0,1,0,5,0.6292947558770343,0.6292947558770343,accuracy,3318,1106,42
0,0,1,1,0,1,1,0,0,1,5,0.635623869801085,0.635623869801085,accuracy,3318,1106,42
0,0,1,1,0,1,0,1,1,0,5,0.49638336347197104,0.49638336347197104,accuracy,3318,1106,42
0,0,1,1,0,1,0,1,0,1,5,0.5,0.5,accuracy,3318,1106,42
0,0,1,1,0,1,0,0,1,1,5,0.49276672694394213,0.49276672694394213,accuracy,3318,1106,42
0,0,1,1,0,0,1,1,1,0,5,0.6211573236889693,0.6211573236889693,accuracy,3318,1106,42
0,0,1,1,0,0,1,1,0,1,5,0.6220614828209765,0.6220614828209765,accuracy,3318,1106,42
0,0,1,1,0,0,1,0,1,1,5,0.620253164556962,0.620253164556962,accuracy,3318,1106,42
0,0,1,1,0,0,0,1,1,1,5,0.49819168173598555,0.49819168173598555,accuracy,3318,1106,42
0,0,1,0,1,1,1,1,0,0,5,0.6301989150090416,0.6301989150090416,accuracy,3318,1106,42
0,0,1,0,1,1,1,0,1,0,5,0.635623869801085,0.635623869801085,accuracy,3318,1106,42
0,0,1,0,1,1,1,0,0,1,5,0.6320072332730561,0.6320072332730561,accuracy,3318,1106,42
0,0,1,0,1,1,0,1,1,0,5,0.5207956600361664,0.5207956600361664,accuracy,3318,1106,42
0,0,1,0,1,1,0,1,0,1,5,0.5216998191681737,0.5216998191681737,accuracy,3318,1106,42
0,0,1,0,1,1,0,0,1,1,5,0.5289330922242315,0.5289330922242315,accuracy,3318,1106,42
0,0,1,0,1,0,1,1,1,0,5,0.6265822784810127,0.6265822784810127,accuracy,3318,1106,42
0,0,1,0,1,0,1,1,0,1,5,0.6247739602169982,0.6247739602169982,accuracy,3318,1106,42
0,0,1,0,1,0,1,0,1,1,5,0.6265822784810127,0.6265822784810127,accuracy,3318,1106,42
0,0,1,0,1,0,0,1,1,1,5,0.5072332730560579,0.5072332730560579,accuracy,3318,1106,42
0,0,1,0,0,1,1,1,1,0,5,0.6274864376130199,0.6274864376130199,accuracy,3318,1106,42
0,0,1,0,0,1,1,1,0,1,5,0.6311030741410488,0.6311030741410488,accuracy,3318,1106,42
0,0,1,0,0,1,1,0,1,1,5,0.6301989150090416,0.6301989150090416,accuracy,3318,1106,42
0,0,1,0,0,1,0,1,1,1,5,0.49638336347197104,0.49638336347197104,accuracy,3318,1106,42
0,0,1,0,0,0,1,1,1,1,5,0.6184448462929476,0.6184448462929476,accuracy,3318,1106,42
0,0,0,1,1,1,1,1,0,0,5,0.6347197106690777,0.6347197106690777,accuracy,3318,1106,42
0,0,0,1,1,1,1,0,1,0,5,0.6338155515370705,0.6338155515370705,accuracy,3318,1106,42
0,0,0,1,1,1,1,0,0,1,5,0.6374321880650995,0.6374321880650995,accuracy,3318,1106,42
0,0,0,1,1,1,0,1,1,0,5,0.5207956600361664,0.5207956600361664,accuracy,3318,1106,42
0,0,0,1,1,1,0,1,0,1,5,0.5289330922242315,0.5289330922242315,accuracy,3318,1106,42
0,0,0,1,1,1,0,0,1,1,5,0.527124773960217,0.527124773960217,accuracy,3318,1106,42
0,0,0,1,1,0,1,1,1,0,5,0.6220614828209765,0.6220614828209765,accuracy,3318,1106,42
0,0,0,1,1,0,1,1,0,1,5,0.6193490054249547,0.6193490054249547,accuracy,3318,1106,42
0,0,0,1,1,0,1,0,1,1,5,0.6301989150090416,0.6301989150090416,accuracy,3318,1106,42
0,0,0,1,1,0,0,1,1,1,5,0.5189873417721519,0.5189873417721519,accuracy,3318,1106,42
0,0,0,1,0,1,1,1,1,0,5,0.6329113924050633,0.6329113924050633,accuracy,3318,1106,42
0,0,0,1,0,1,1,1,0,1,5,0.6338155515370705,0.6338155515370705,accuracy,3318,1106,42
0,0,0,1,0,1,1,0,1,1,5,0.6329113924050633,0.6329113924050633,accuracy,3318,1106,42
0,0,0,1,0,1,0,1,1,1,5,0.49819168173598555,0.49819168173598555,accuracy,3318,1106,42
0,0,0,1,0,0,1,1,1,1,5,0.6247739602169982,0.6247739602169982,accuracy,3318,1106,42
0,0,0,0,1,1,1,1,1,0,5,0.6292947558770343,0.6292947558770343,accuracy,3318,1106,42
0,0,0,0,1,1,1,1,0,1,5,0.6338155515370705,0.6338155515370705,accuracy,3318,1106,42
0,0,0,0,1,1,1,0,1,1,5,0.6320072332730561,0.6320072332730561,accuracy,3318,1106,42
0,0,0,0,1,1,0,1,1,1,5,0.5009041591320073,0.5009041591320073,accuracy,3318,1106,42
0,0,0,0,1,0,1,1,1,1,5,0.6193490054249547,0.6193490054249547,accuracy,3318,1106,42
0,0,0,0,0,1,1,1,1,1,5,0.6292947558770343,0.6292947558770343,accuracy,3318,1106,42
1,1,1,1,1,1,0,0,0,0,6,0.5877034358047016,0.5877034358047016,accuracy,3318,1106,42
1,1,1,1,1,0,1,0,0,0,6,0.659132007233273,0.659132007233273,accuracy,3318,1106,42
1,1,1,1,1,0,0,1,0,0,6,0.5831826401446655,0.5831826401446655,accuracy,3318,1106,42
1,1,1,1,1,0,0,0,1,0,6,0.5895117540687161,0.5895117540687161,accuracy,3318,1106,42
1,1,1,1,1,0,0,0,0,1,6,0.5768535262206148,0.5768535262206148,accuracy,3318,1106,42
1,1,1,1,0,1,1,0,0,0,6,0.6564195298372514,0.6564195298372514,accuracy,3318,1106,42
1,1,1,1,0,1,0,1,0,0,6,0.581374321880651,0.581374321880651,accuracy,3318,1106,42
1,1,1,1,0,1,0,0,1,0,6,0.5750452079566004,0.5750452079566004,accuracy,3318,1106,42
1,1,1,1,0,1,0,0,0,1,6,0.5632911392405063,0.5632911392405063,accuracy,3318,1106,42
1,1,1,1,0,0,1,1,0,0,6,0.6555153707052441,0.6555153707052441,accuracy,3318,1106,42
1,1,1,1,0,0,1,0,1,0,6,0.6528028933092225,0.6528028933092225,accuracy,3318,1106,42
1,1,1,1,0,0,1,0,0,1,6,0.6555153707052441,0.6555153707052441,accuracy,3318,1106,42
1,1,1,1,0,0,0,1,1,0,6,0.5741410488245932,0.5741410488245932,accuracy,3318,1106,42
1,1,1,1,0,0,0,1,0,1,6,0.5641952983725136,0.5641952983725136,accuracy,3318,1106,42
1,1,1,1,0,0,0,0,1,1,6,0.5732368896925859,0.5732368896925859,accuracy,3318,1106,42
1,1,1,0,1,1,1,0,0,0,6,0.659132007233273,0.659132007233273,accuracy,3318,1106,42
1,1,1,0,1,1,0,1,0,0,6,0.581374321880651,0.581374321880651,accuracy,3318,1106,42
1,1,1,0,1,1,0,0,1,0,6,0.5904159132007233,0.5904159132007233,accuracy,3318,1106,42
1,1,1,0,1,1,0,0,0,1,6,0.5786618444846293,0.5786618444846293,accuracy,3318,1106,42
1,1,1,0,1,0,1,1,0,0,6,0.6410488245931284,0.6410488245931284,accuracy,3318,1106,42
1,1,1,0,1,0,1,0,1,0,6,0.6528028933092225,0.6528028933092225,accuracy,3318,1106,42
1,1,1,0,1,0,1,0,0,1,6,0.6555153707052441,0.6555153707052441,accuracy,3318,1106,42
1,1,1,0,1,0,0,1,1,0,6,0.5641952983725136,0.5641952983725136,accuracy,3318,1106,42
1,1,1,0,1,0,0,1,0,1,6,0.569620253164557,0.569620253164557,accuracy,3318,1106,42
1,1,1,0,1,0,0,0,1,1,6,0.5705244122965641,0.5705244122965641,accuracy,3318,1106,42
1,1,1,0,0,1,1,1,0,0,6,0.6654611211573237,0.6654611211573237,accuracy,3318,1106,42
1,1,1,0,0,1,1,0,1,0,6,0.6636528028933092,0.6636528028933092,accuracy,3318,1106,42
1,1,1,0,0,1,1,0,0,1,6,0.6600361663652803,0.6600361663652803,accuracy,3318,1106,42
1,1,1,0,0,1,0,1,1,0,6,0.5732368896925859,0.5732368896925859,accuracy,3318,1106,42
1,1,1,0,0,1,0,1,0,1,6,0.5641952983725136,0.5641952983725136,accuracy,3318,1106,42
1,1,1,0,0,1,0,0,1,1,6,0.5669077757685352,0.5669077757685352,accuracy,3318,1106,42
1,1,1,0,0,0,1,1,1,0,6,0.64376130198915,0.64376130198915,accuracy,3318,1106,42
1,1,1,0,0,0,1,1,0,1,6,0.6446654611211573,0.6446654611211573,accuracy,3318,1106,42
1,1,1,0,0,0,1,0,1,1,6,0.6464737793851718,0.6464737793851718,accuracy,3318,1106,42
1,1,1,0,0,0,0,1,1,1,6,0.5569620253164557,0.5569620253164557,accuracy,3318,1106,42
1,1,0,1,1,1,1,0,0,0,6,0.6609403254972875,0.6609403254972875,accuracy,3318,1106,42
1,1,0,1,1,1,0,1,0,0,6,0.5777576853526221,0.5777576853526221,accuracy,3318,1106,42
1,1,0,1,1,1,0,0,1,0,6,0.5922242314647378,0.5922242314647378,accuracy,3318,1106,42
1,1,0,1,1,1,0,0,0,1,6,0.5904159132007233,0.5904159132007233,accuracy,3318,1106,42
1,1,0,1,1,0,1,1,0,0,6,0.6564195298372514,0.6564195298372514,accuracy,3318,1106,42
1,1,0,1,1,0,1,0,1,0,6,0.659132007233273,0.659132007233273,accuracy,3318,1106,42
1,1,0,1,1,0,1,0,0,1,6,0.6537070524412296,0.6537070524412296,accuracy,3318,1106,42
1,1,0,1,1,0,0,1,1,0,6,0.5795660036166366,0.5795660036166366,accuracy,3318,1106,42
1,1,0,1,1,0,0,1,0,1,6,0.5759493670886076,0.5759493670886076,accuracy,3318,1106,42
1,1,0,1,1,0,0,0,1,1,6,0.5886075949367089,0.5886075949367089,accuracy,3318,1106,42
1,1,0,1,0,1,1,1,0,0,6,0.6627486437613019,0.6627486437613019,accuracy,3318,1106,42
1,1,0,1,0,1,1,0,1,0,6,0.659132007233273,0.659132007233273,accuracy,3318,1106,42
1,1,0,1,0,1,1,0,0,1,6,0.6618444846292948,0.6618444846292948,accuracy,3318,1106,42
1,1,0,1,0,1,0,1,1,0,6,0.5714285714285714,0.5714285714285714,accuracy,3318,1106,42
1,1,0,1,0,1,0,1,0,1,6,0.5714285714285714,0.5714285714285714,accuracy,3318,1106,42
1,1,0,1,0,1,0,0,1,1,6,0.5723327305605787,0.5723327305605787,accuracy,3318,1106,42
1,1,0,1,0,0,1,1,1,0,6,0.6491862567811935,0.6491862567811935,accuracy,3318,1106,42
1,1,0,1,0,0,1,1,0,1,6,0.6546112115732369,0.6546112115732369,accuracy,3318,1106,42
1,1,0,1,0,0,1,0,1,1,6,0.6473779385171791,0.6473779385171791,accuracy,3318,1106,42
1,1,0,1,0,0,0,1,1,1,6,0.5605786618444847,0.5605786618444847,accuracy,3318,1106,42
1,1,0,0,1,1,1,1,0,0,6,0.6455696202531646,0.6455696202531646,accuracy,3318,1106,42
1,1,0,0,1,1,1,0,1,0,6,0.6600361663652803,0.6600361663652803,accuracy,3318,1106,42
1,1,0,0,1,1,1,0,0,1,6,0.6546112115732369,0.6546112115732369,accuracy,3318,1106,42
1,1,0,0,1,1,0,1,1,0,6,0.5759493670886076,0.5759493670886076,accuracy,3318,1106,42
1,1,0,0,1,1,0,1,0,1,6,0.5759493670886076,0.5759493670886076,accuracy,3318,1106,42
1,1,0,0,1,1,0,0,1,1,6,0.5831826401446655,0.5831826401446655,accuracy,3318,1106,42
1,1,0,0,1,0,1,1,1,0,6,0.6546112115732369,0.6546112115732369,accuracy,3318,1106,42
1,1,0,0,1,0,1,1,0,1,6,0.6428571428571429,0.6428571428571429,accuracy,3318,1106,42
1,1,0,0,1,0,1,0,1,1,6,0.6518987341772152,0.6518987341772152,accuracy,3318,1106,42
1,1,0,0,1,0,0,1,1,1,6,0.5732368896925859,0.5732368896925859,accuracy,3318,1106,42
1,1,0,0,0,1,1,1,1,0,6,0.6455696202531646,0.6455696202531646,accuracy,3318,1106,42
1,1,0,0,0,1,1,1,0,1,6,0.6518987341772152,0.6518987341772152,accuracy,3318,1106,42
1,1,0,0,0,1,1,0,1,1,6,0.6446654611211573,0.6446654611211573,accuracy,3318,1106,42
1,1,0,0,0,1,0,1,1,1,6,0.5641952983725136,0.5641952983725136,accuracy,3318,1106,42
1,1,0,0,0,0,1,1,1,1,6,0.6419529837251357,0.6419529837251357,accuracy,3318,1106,42
1,0,1,1,1,1,1,0,0,0,6,0.6681735985533453,0.6681735985533453,accuracy,3318,1106,42
1,0,1,1,1,1,0,1,0,0,6,0.5877034358047016,0.5877034358047016,accuracy,3318,1106,42
1,0,1,1,1,1,0,0,1,0,6,0.5822784810126582,0.5822784810126582,accuracy,3318,1106,42
1,0,1,1,1,1,0,0,0,1,6,0.5822784810126582,0.5822784810126582,accuracy,3318,1106,42
1,0,1,1,1,0,1,1,0,0,6,0.6473779385171791,0.6473779385171791,accuracy,3318,1106,42
1,0,1,1,1,0,1,0,1,0,6,0.6564195298372514,0.6564195298372514,accuracy,3318,1106,42
1,0,1,1,1,0,1,0,0,1,6,0.6537070524412296,0.6537070524412296,accuracy,3318,1106,42
1,0,1,1,1,0,0,1,1,0,6,0.5759493670886076,0.5759493670886076,accuracy,3318,1106,42
1,0,1,1,1,0,0,1,0,1,6,0.5687160940325497,0.5687160940325497,accuracy,3318,1106,42
1,0,1,1,1,0,0,0,1,1,6,0.5750452079566004,0.5750452079566004,accuracy,3318,1106,42
1,0,1,1,0,1,1,1,0,0,6,0.6618444846292948,0.6618444846292948,accuracy,3318,1106,42
1,0,1,1,0,1,1,0,1,0,6,0.6500904159132007,0.6500904159132007,accuracy,3318,1106,42
1,0,1,1,0,1,1,0,0,1,6,0.6537070524412296,0.6537070524412296,accuracy,3318,1106,42
1,0,1,1,0,1,0,1,1,0,6,0.5605786618444847,0.5605786618444847,accuracy,3318,1106,42
1,0,1,1,0,1,0,1,0,1,6,0.5605786618444847,0.5605786618444847,accuracy,3318,1106,42
1,0,1,1,0,1,0,0,1,1,6,0.566003616636528,0.566003616636528,accuracy,3318,1106,42
1,0,1,1,0,0,1,1,1,0,6,0.6455696202531646,0.6455696202531646,accuracy,3318,1106,42
1,0,1,1,0,0,1,1,0,1,6,0.6473779385171791,0.6473779385171791,accuracy,3318,1106,42
1,0,1,1,0,0,1,0,1,1,6,0.6383363471971067,0.6383363471971067,accuracy,3318,1106,42
1,0,1,1,0,0,0,1,1,1,6,0.5605786618444847,0.5605786618444847,accuracy,3318,1106,42
1,0,1,0,1,1,1,1,0,0,6,0.659132007233273,0.659132007233273,accuracy,3318,1106,42
1,0,1,0,1,1,1,0,1,0,6,0.6627486437613019,0.6627486437613019,accuracy,3318,1106,42
1,0,1,0,1,1,1,0,0,1,6,0.6564195298372514,0.6564195298372514,accuracy,3318,1106,42
1,0,1,0,1,1,0,1,1,0,6,0.5768535262206148,0.5768535262206148,accuracy,3318,1106,42
1,0,1,0,1,1,0,1,0,1,6,0.581374321880651,0.581374321880651,accuracy,3318,1106,42
1,0,1,0,1,1,0,0,1,1,6,0.5831826401446655,0.5831826401446655,accuracy,3318,1106,42
1,0,1,0,1,0,1,1,1,0,6,0.6383363471971067,0.6383363471971067,accuracy,3318,1106,42
1,0,1,0,1,0,1,1,0,1,6,0.6392405063291139,0.6392405063291139,accuracy,3318,1106,42
1,0,1,0,1,0,1,0,1,1,6,0.6383363471971067,0.6383363471971067,accuracy,3318,1106,42
1,0,1,0,1,0,0,1,1,1,6,0.5587703435804702,0.5587703435804702,accuracy,3318,1106,42
1,0,1,0,0,1,1,1,1,0,6,0.6573236889692586,0.6573236889692586,accuracy,3318,1106,42
1,0,1,0,0,1,1,1,0,1,6,0.650994575045208,0.650994575045208,accuracy,3318,1106,42
1,0,1,0,0,1,1,0,1,1,6,0.6473779385171791,0.6473779385171791,accuracy,3318,1106,42
1,0,1,0,0,1,0,1,1,1,6,0.5443037974683544,0.5443037974683544,accuracy,3318,1106,42
1,0,1,0,0,0,1,1,1,1,6,0.6283905967450272,0.6283905967450272,accuracy,3318,1106,42
1,0,0,1,1,1,1,1,0,0,6,0.659132007233273,0.659132007233273,accuracy,3318,1106,42
1,0,0,1,1,1,1,0,1,0,6,0.6609403254972875,0.6609403254972875,accuracy,3318,1106,42
1,0,0,1,1,1,1,0,0,1,6,0.6609403254972875,0.6609403254972875,accuracy,3318,1106,42
1,0,0,1,1,1,0,1,1,0,6,0.5786618444846293,0.5786618444846293,accuracy,3318,1106,42
1,0,0,1,1,1,0,1,0,1,6,0.5795660036166366,0.5795660036166366,accuracy,3318,1106,42
1,0,0,1,1,1,0,0,1,1,6,0.5822784810126582,0.5822784810126582,accuracy,3318,1106,42
1,0,0,1,1,0,1,1,1,0,6,0.6518987341772152,0.6518987341772152,accuracy,3318,1106,42
1,0,0,1,1,0,1,1,0,1,6,0.6500904159132007,0.6500904159132007,accuracy,3318,1106,42
1,0,0,1,1,0,1,0,1,1,6,0.6537070524412296,0.6537070524412296,accuracy,3318,1106,42
1,0,0,1,1,0,0,1,1,1,6,0.5678119349005425,0.5678119349005425,accuracy,3318,1106,42
1,0,0,1,0,1,1,1,1,0,6,0.6546112115732369,0.6546112115732369,accuracy,3318,1106,42
1,0,0,1,0,1,1,1,0,1,6,0.6582278481012658,0.6582278481012658,accuracy,3318,1106,42
1,0,0,1,0,1,1,0,1,1,6,0.6528028933092225,0.6528028933092225,accuracy,3318,1106,42
1,0,0,1,0,1,0,1,1,1,6,0.5714285714285714,0.5714285714285714,accuracy,3318,1106,42
1,0,0,1,0,0,1,1,1,1,6,0.6419529837251357,0.6419529837251357,accuracy,3318,1106,42
1,0,0,0,1,1,1,1,1,0,6,0.6491862567811935,0.6491862567811935,accuracy,3318,1106,42
1,0,0,0,1,1,1,1,0,1,6,0.6500904159132007,0.6500904159132007,accuracy,3318,1106,42
1,0,0,0,1,1,1,0,1,1,6,0.6528028933092225,0.6528028933092225,accuracy,3318,1106,42
1,0,0,0,1,1,0,1,1,1,6,0.5669077757685352,0.5669077757685352,accuracy,3318,1106,42
1,0,0,0,1,0,1,1,1,1,6,0.6329113924050633,0.6329113924050633,accuracy,3318,1106,42
1,0,0,0,0,1,1,1,1,1,6,0.6419529837251357,0.6419529837251357,accuracy,3318,1106,42
0,1,1,1,1,1,1,0,0,0,6,0.6311030741410488,0.6311030741410488,accuracy,3318,1106,42
0,1,1,1,1,1,0,1,0,0,6,0.5244122965641953,0.5244122965641953,accuracy,3318,1106,42
0,1,1,1,1,1,0,0,1,0,6,0.5370705244122965,0.5370705244122965,accuracy,3318,1106,42
0,1,1,1,1,1,0,0,0,1,6,0.5253164556962026,0.5253164556962026,accuracy,3318,1106,42
0,1,1,1,1,0,1,1,0,0,6,0.6329113924050633,0.6329113924050633,accuracy,3318,1106,42
0,1,1,1,1,0,1,0,1,0,6,0.6419529837251357,0.6419529837251357,accuracy,3318,1106,42
0,1,1,1,1,0,1,0,0,1,6,0.64376130198915,0.64376130198915,accuracy,3318,1106,42
0,1,1,1,1,0,0,1,1,0,6,0.5063291139240507,0.5063291139240507,accuracy,3318,1106,42
0,1,1,1,1,0,0,1,0,1,6,0.5180831826401446,0.5180831826401446,accuracy,3318,1106,42
0,1,1,1,1,0,0,0,1,1,6,0.5126582278481012,0.5126582278481012,accuracy,3318,1106,42
0,1,1,1,0,1,1,1,0,0,6,0.6329113924050633,0.6329113924050633,accuracy,3318,1106,42
0,1,1,1,0,1,1,0,1,0,6,0.635623869801085,0.635623869801085,accuracy,3318,1106,42
0,1,1,1,0,1,1,0,0,1,6,0.6392405063291139,0.6392405063291139,accuracy,3318,1106,42
0,1,1,1,0,1,0,1,1,0,6,0.5144665461121157,0.5144665461121157,accuracy,3318,1106,42
0,1,1,1,0,1,0,1,0,1,6,0.5253164556962026,0.5253164556962026,accuracy,3318,1106,42
0,1,1,1,0,1,0,0,1,1,6,0.5226039783001808,0.5226039783001808,accuracy,3318,1106,42
0,1,1,1,0,0,1,1,1,0,6,0.6311030741410488,0.6311030741410488,accuracy,3318,1106,42
0,1,1,1,0,0,1,1,0,1,6,0.6292947558770343,0.6292947558770343,accuracy,3318,1106,42
0,1,1,1,0,0,1,0,1,1,6,0.6283905967450272,0.6283905967450272,accuracy,3318,1106,42
0,1,1,1,0,0,0,1,1,1,6,0.523508137432188,0.523508137432188,accuracy,3318,1106,42
0,1,1,0,1,1,1,1,0,0,6,0.635623869801085,0.635623869801085,accuracy,3318,1106,42
0,1,1,0,1,1,1,0,1,0,6,0.6347197106690777,0.6347197106690777,accuracy,3318,1106,42
0,1,1,0,1,1,1,0,0,1,6,0.6419529837251357,0.6419529837251357,accuracy,3318,1106,42
0,1,1,0,1,1,0,1,1,0,6,0.527124773960217,0.527124773960217,accuracy,3318,1106,42
0,1,1,0,1,1,0,1,0,1,6,0.5334538878842676,0.5334538878842676,accuracy,3318,1106,42
0,1,1,0,1,1,0,0,1,1,6,0.530741410488246,0.530741410488246,accuracy,3318,1106,42
0,1,1,0,1,0,1,1,1,0,6,0.635623869801085,0.635623869801085,accuracy,3318,1106,42
0,1,1,0,1,0,1,1,0,1,6,0.6320072332730561,0.6320072332730561,accuracy,3318,1106,42
0,1,1,0,1,0,1,0,1,1,6,0.6320072332730561,0.6320072332730561,accuracy,3318,1106,42
0,1,1,0,1,0,0,1,1,1,6,0.5189873417721519,0.5189873417721519,accuracy,3318,1106,42
0,1,1,0,0,1,1,1,1,0,6,0.6338155515370705,0.6338155515370705,accuracy,3318,1106,42
0,1,1,0,0,1,1,1,0,1,6,0.635623869801085,0.635623869801085,accuracy,3318,1106,42
0,1,1,0,0,1,1,0,1,1,6,0.6419529837251357,0.6419529837251357,accuracy,3318,1106,42
0,1,1,0,0,1,0,1,1,1,6,0.5171790235081374,0.5171790235081374,accuracy,3318,1106,42
0,1,1,0,0,0,1,1,1,1,6,0.6292947558770343,0.6292947558770343,accuracy,3318,1106,42
0,1,0,1,1,1,1,1,0,0,6,0.6374321880650995,0.6374321880650995,accuracy,3318,1106,42
0,1,0,1,1,1,1,0,1,0,6,0.64376130198915,0.64376130198915,accuracy,3318,1106,42
0,1,0,1,1,1,1,0,0,1,6,0.6482820976491862,0.6482820976491862,accuracy,3318,1106,42
0,1,0,1,1,1,0,1,1,0,6,0.5334538878842676,0.5334538878842676,accuracy,3318,1106,42
0,1,0,1,1,1,0,1,0,1,6,0.5334538878842676,0.5334538878842676,accuracy,3318,1106,42
0,1,0,1,1,1,0,0,1,1,6,0.538878842676311,0.538878842676311,accuracy,3318,1106,42
0,1,0,1,1,0,1,1,1,0,6,0.6311030741410488,0.6311030741410488,accuracy,3318,1106,42
0,1,0,1,1,0,1,1,0,1,6,0.6329113924050633,0.6329113924050633,accuracy,3318,1106,42
0,1,0,1,1,0,1,0,1,1,6,0.6320072332730561,0.6320072332730561,accuracy,3318,1106,42
0,1,0,1,1,0,0,1,1,1,6,0.5198915009041591,0.5198915009041591,accuracy,3318,1106,42
0,1,0,1,0,1,1,1,1,0,6,0.6338155515370705,0.6338155515370705,accuracy,3318,1106,42
0,1,0,1,0,1,1,1,0,1,6,0.6320072332730561,0.6320072332730561,accuracy,3318,1106,42
0,1,0,1,0,1,1,0,1,1,6,0.6401446654611211,0.6401446654611211,accuracy,3318,1106,42
0,1,0,1,0,1,0,1,1,1,6,0.5162748643761302,0.5162748643761302,accuracy,3318,1106,42
0,1,0,1,0,0,1,1,1,1,6,0.6329113924050633,0.6329113924050633,accuracy,3318,1106,42
0,1,0,0,1,1,1,1,1,0,6,0.6401446654611211,0.6401446654611211,accuracy,3318,1106,42
0,1,0,0,1,1,1,1,0,1,6,0.635623869801085,0.635623869801085,accuracy,3318,1106,42
0,1,0,0,1,1,1,0,1,1,6,0.6446654611211573,0.6446654611211573,accuracy,3318,1106,42
0,1,0,0,1,1,0,1,1,1,6,0.5054249547920434,0.5054249547920434,accuracy,3318,1106,42
0,1,0,0,1,0,1,1,1,1,6,0.6320072332730561,0.6320072332730561,accuracy,3318,1106,42
0,1,0,0,0,1,1,1,1,1,6,0.6365280289330922,0.6365280289330922,accuracy,3318,1106,42
0,0,1,1,1,1,1,1,0,0,6,0.6347197106690777,0.6347197106690777,accuracy,3318,1106,42
0,0,1,1,1,1,1,0,1,0,6,0.635623869801085,0.635623869801085,accuracy,3318,1106,42
0,0,1,1,1,1,1,0,0,1,6,0.6401446654611211,0.6401446654611211,accuracy,3318,1106,42
0,0,1,1,1,1,0,1,1,0,6,0.5189873417721519,0.5189873417721519,accuracy,3318,1106,42
0,0,1,1,1,1,0,1,0,1,6,0.523508137432188,0.523508137432188,accuracy,3318,1106,42
0,0,1,1,1,1,0,0,1,1,6,0.5216998191681737,0.5216998191681737,accuracy,3318,1106,42
0,0,1,1,1,0,1,1,1,0,6,0.6238698010849909,0.6238698010849909,accuracy,3318,1106,42
0,0,1,1,1,0,1,1,0,1,6,0.6301989150090416,0.6301989150090416,accuracy,3318,1106,42
0,0,1,1,1,0,1,0,1,1,6,0.6274864376130199,0.6274864376130199,accuracy,3318,1106,42
0,0,1,1,1,0,0,1,1,1,6,0.5027124773960217,0.5027124773960217,accuracy,3318,1106,42
0,0,1,1,0,1,1,1,1,0,6,0.6265822784810127,0.6265822784810127,accuracy,3318,1106,42
0,0,1,1,0,1,1,1,0,1,6,0.6365280289330922,0.6365280289330922,accuracy,3318,1106,42
0,0,1,1,0,1,1,0,1,1,6,0.6347197106690777,0.6347197106690777,accuracy,3318,1106,42
0,0,1,1,0,1,0,1,1,1,6,0.4945750452079566,0.4945750452079566,accuracy,3318,1106,42
0,0,1,1,0,0,1,1,1,1,6,0.6292947558770343,0.6292947558770343,accuracy,3318,1106,42
0,0,1,0,1,1,1,1,1,0,6,0.6365280289330922,0.6365280289330922,accuracy,3318,1106,42
0,0,1,0,1,1,1,1,0,1,6,0.6329113924050633,0.6329113924050633,accuracy,3318,1106,42
0,0,1,0,1,1,1,0,1,1,6,0.6374321880650995,0.6374321880650995,accuracy,3318,1106,42
0,0,1,0,1,1,0,1,1,1,6,0.5198915009041591,0.5198915009041591,accuracy,3318,1106,42
0,0,1,0,1,0,1,1,1,1,6,0.6229656419529838,0.6229656419529838,accuracy,3318,1106,42
0,0,1,0,0,1,1,1,1,1,6,0.6292947558770343,0.6292947558770343,accuracy,3318,1106,42
0,0,0,1,1,1,1,1,1,0,6,0.635623869801085,0.635623869801085,accuracy,3318,1106,42
0,0,0,1,1,1,1,1,0,1,6,0.635623869801085,0.635623869801085,accuracy,3318,1106,42
0,0,0,1,1,1,1,0,1,1,6,0.6401446654611211,0.6401446654611211,accuracy,3318,1106,42
0,0,0,1,1,1,0,1,1,1,6,0.5244122965641953,0.5244122965641953,accuracy,3318,1106,42
0,0,0,1,1,0,1,1,1,1,6,0.6247739602169982,0.6247739602169982,accuracy,3318,1106,42
0,0,0,1,0,1,1,1,1,1,6,0.6347197106690777,0.6347197106690777,accuracy,3318,1106,42
0,0,0,0,1,1,1,1,1,1,6,0.6292947558770343,0.6292947558770343,accuracy,3318,1106,42
1,1,1,1,1,1,1,0,0,0,7,0.6690777576853526,0.6690777576853526,accuracy,3318,1106,42
1,1,1,1,1,1,0,1,0,0,7,0.5904159132007233,0.5904159132007233,accuracy,3318,1106,42
1,1,1,1,1,1,0,0,1,0,7,0.5913200723327305,0.5913200723327305,accuracy,3318,1106,42
1,1,1,1,1,1,0,0,0,1,7,0.6039783001808319,0.6039783001808319,accuracy,3318,1106,42
1,1,1,1,1,0,1,1,0,0,7,0.6573236889692586,0.6573236889692586,accuracy,3318,1106,42
1,1,1,1,1,0,1,0,1,0,7,0.6609403254972875,0.6609403254972875,accuracy,3318,1106,42
1,1,1,1,1,0,1,0,0,1,7,0.6600361663652803,0.6600361663652803,accuracy,3318,1106,42
1,1,1,1,1,0,0,1,1,0,7,0.5858951175406871,0.5858951175406871,accuracy,3318,1106,42
1,1,1,1,1,0,0,1,0,1,7,0.5795660036166366,0.5795660036166366,accuracy,3318,1106,42
1,1,1,1,1,0,0,0,1,1,7,0.5904159132007233,0.5904159132007233,accuracy,3318,1106,42
1,1,1,1,0,1,1,1,0,0,7,0.666365280289331,0.666365280289331,accuracy,3318,1106,42
1,1,1,1,0,1,1,0,1,0,7,0.6573236889692586,0.6573236889692586,accuracy,3318,1106,42
1,1,1,1,0,1,1,0,0,1,7,0.659132007233273,0.659132007233273,accuracy,3318,1106,42
1,1,1,1,0,1,0,1,1,0,7,0.5831826401446655,0.5831826401446655,accuracy,3318,1106,42
1,1,1,1,0,1,0,1,0,1,7,0.5786618444846293,0.5786618444846293,accuracy,3318,1106,42
1,1,1,1,0,1,0,0,1,1,7,0.5795660036166366,0.5795660036166366,accuracy,3318,1106,42
1,1,1,1,0,0,1,1,1,0,7,0.6555153707052441,0.6555153707052441,accuracy,3318,1106,42
1,1,1,1,0,0,1,1,0,1,7,0.6582278481012658,0.6582278481012658,accuracy,3318,1106,42
1,1,1,1,0,0,1,0,1,1,7,0.6582278481012658,0.6582278481012658,accuracy,3318,1106,42
1,1,1,1,0,0,0,1,1,1,7,0.5705244122965641,0.5705244122965641,accuracy,3318,1106,42
1,1,1,0,1,1,1,1,0,0,7,0.666365280289331,0.666365280289331,accuracy,3318,1106,42
1,1,1,0,1,1,1,0,1,0,7,0.6699819168173599,0.6699819168173599,accuracy,3318,1106,42
1,1,1,0,1,1,1,0,0,1,7,0.6627486437613019,0.6627486437613019,accuracy,3318,1106,42
1,1,1,0,1,1,0,1,1,0,7,0.5822784810126582,0.5822784810126582,accuracy,3318,1106,42
1,1,1,0,1,1,0,1,0,1,7,0.5786618444846293,0.5786618444846293,accuracy,3318,1106,42
1,1,1,0,1,1,0,0,1,1,7,0.5858951175406871,0.5858951175406871,accuracy,3318,1106,42
1,1,1,0,1,0,1,1,1,0,7,0.6482820976491862,0.6482820976491862,accuracy,3318,1106,42
1,1,1,0,1,0,1,1,0,1,7,0.6464737793851718,0.6464737793851718,accuracy,3318,1106,42
1,1,1,0,1,0,1,0,1,1,7,0.6564195298372514,0.6564195298372514,accuracy,3318,1106,42
1,1,1,0,1,0,0,1,1,1,7,0.5705244122965641,0.5705244122965641,accuracy,3318,1106,42
1,1,1,0,0,1,1,1,1,0,7,0.659132007233273,0.659132007233273,accuracy,3318,1106,42
1,1,1,0,0,1,1,1,0,1,7,0.6627486437613019,0.6627486437613019,accuracy,3318,1106,42
1,1,1,0,0,1,1,0,1,1,7,0.6537070524412296,0.6537070524412296,accuracy,3318,1106,42
1,1,1,0,0,1,0,1,1,1,7,0.5632911392405063,0.5632911392405063,accuracy,3318,1106,42
1,1,1,0,0,0,1,1,1,1,7,0.6446654611211573,0.6446654611211573,accuracy,3318,1106,42
1,1,0,1,1,1,1,1,0,0,7,0.6681735985533453,0.6681735985533453,accuracy,3318,1106,42
1,1,0,1,1,1,1,0,1,0,7,0.6699819168173599,0.6699819168173599,accuracy,3318,1106,42
1,1,0,1,1,1,1,0,0,1,7,0.6618444846292948,0.6618444846292948,accuracy,3318,1106,42
1,1,0,1,1,1,0,1,1,0,7,0.5949367088607594,0.5949367088607594,accuracy,3318,1106,42
1,1,0,1,1,1,0,1,0,1,7,0.5867992766726944,0.5867992766726944,accuracy,3318,1106,42
1,1,0,1,1,1,0,0,1,1,7,0.5958408679927667,0.5958408679927667,accuracy,3318,1106,42
1,1,0,1,1,0,1,1,1,0,7,0.6537070524412296,0.6537070524412296,accuracy,3318,1106,42
1,1,0,1,1,0,1,1,0,1,7,0.6546112115732369,0.6546112115732369,accuracy,3318,1106,42
1,1,0,1,1,0,1,0,1,1,7,0.6528028933092225,0.6528028933092225,accuracy,3318,1106,42
1,1,0,1,1,0,0,1,1,1,7,0.5786618444846293,0.5786618444846293,accuracy,3318,1106,42
1,1,0,1,0,1,1,1,1,0,7,0.6609403254972875,0.6609403254972875,accuracy,3318,1106,42
1,1,0,1,0,1,1,1,0,1,7,0.6582278481012658,0.6582278481012658,accuracy,3318,1106,42
1,1,0,1,0,1,1,0,1,1,7,0.6573236889692586,0.6573236889692586,accuracy,3318,1106,42
1,1,0,1,0,1,0,1,1,1,7,0.5705244122965641,0.5705244122965641,accuracy,3318,1106,42
1,1,0,1,0,0,1,1,1,1,7,0.6528028933092225,0.6528028933092225,accuracy,3318,1106,42
1,1,0,0,1,1,1,1,1,0,7,0.6609403254972875,0.6609403254972875,accuracy,3318,1106,42
1,1,0,0,1,1,1,1,0,1,7,0.6555153707052441,0.6555153707052441,accuracy,3318,1106,42
1,1,0,0,1,1,1,0,1,1,7,0.6609403254972875,0.6609403254972875,accuracy,3318,1106,42
1,1,0,0,1,1,0,1,1,1,7,0.5723327305605787,0.5723327305605787,accuracy,3318,1106,42
1,1,0,0,1,0,1,1,1,1,7,0.6464737793851718,0.6464737793851718,accuracy,3318,1106,42
1,1,0,0,0,1,1,1,1,1,7,0.650994575045208,0.650994575045208,accuracy,3318,1106,42
1,0,1,1,1,1,1,1,0,0,7,0.666365280289331,0.666365280289331,accuracy,3318,1106,42
1,0,1,1,1,1,1,0,1,0,7,0.6681735985533453,0.6681735985533453,accuracy,3318,1106,42
1,0,1,1,1,1,1,0,0,1,7,0.6618444846292948,0.6618444846292948,accuracy,3318,1106,42
1,0,1,1,1,1,0,1,1,0,7,0.5895117540687161,0.5895117540687161,accuracy,3318,1106,42
1,0,1,1,1,1,0,1,0,1,7,0.5840867992766727,0.5840867992766727,accuracy,3318,1106,42
1,0,1,1,1,1,0,0,1,1,7,0.5840867992766727,0.5840867992766727,accuracy,3318,1106,42
1,0,1,1,1,0,1,1,1,0,7,0.6482820976491862,0.6482820976491862,accuracy,3318,1106,42
1,0,1,1,1,0,1,1,0,1,7,0.6464737793851718,0.6464737793851718,accuracy,3318,1106,42
1,0,1,1,1,0,1,0,1,1,7,0.6555153707052441,0.6555153707052441,accuracy,3318,1106,42
1,0,1,1,1,0,0,1,1,1,7,0.5777576853526221,0.5777576853526221,accuracy,3318,1106,42
1,0,1,1,0,1,1,1,1,0,7,0.6618444846292948,0.6618444846292948,accuracy,3318,1106,42
1,0,1,1,0,1,1,1,0,1,7,0.6627486437613019,0.6627486437613019,accuracy,3318,1106,42
1,0,1,1,0,1,1,0,1,1,7,0.6546112115732369,0.6546112115732369,accuracy,3318,1106,42
1,0,1,1,0,1,0,1,1,1,7,0.566003616636528,0.566003616636528,accuracy,3318,1106,42
1,0,1,1,0,0,1,1,1,1,7,0.6428571428571429,0.6428571428571429,accuracy,3318,1106,42
1,0,1,0,1,1,1,1,1,0,7,0.6573236889692586,0.6573236889692586,accuracy,3318,1106,42
1,0,1,0,1,1,1,1,0,1,7,0.6618444846292948,0.6618444846292948,accuracy,3318,1106,42
1,0,1,0,1,1,1,0,1,1,7,0.6564195298372514,0.6564195298372514,accuracy,3318,1106,42
1,0,1,0,1,1,0,1,1,1,7,0.5777576853526221,0.5777576853526221,accuracy,3318,1106,42
1,0,1,0,1,0,1,1,1,1,7,0.6365280289330922,0.6365280289330922,accuracy,3318,1106,42
1,0,1,0,0,1,1,1,1,1,7,0.6473779385171791,0.6473779385171791,accuracy,3318,1106,42
1,0,0,1,1,1,1,1,1,0,7,0.6600361663652803,0.6600361663652803,accuracy,3318,1106,42
1,0,0,1,1,1,1,1,0,1,7,0.6555153707052441,0.6555153707052441,accuracy,3318,1106,42
1,0,0,1,1,1,1,0,1,1,7,0.6582278481012658,0.6582278481012658,accuracy,3318,1106,42
1,0,0,1,1,1,0,1,1,1,7,0.5768535262206148,0.5768535262206148,accuracy,3318,1106,42
1,0,0,1,1,0,1,1,1,1,7,0.6573236889692586,0.6573236889692586,accuracy,3318,1106,42
1,0,0,1,0,1,1,1,1,1,7,0.659132007233273,0.659132007233273,accuracy,3318,1106,42
1,0,0,0,1,1,1,1,1,1,7,0.6455696202531646,0.6455696202531646,accuracy,3318,1106,42
0,1,1,1,1,1,1,1,0,0,7,0.6428571428571429,0.6428571428571429,accuracy,3318,1106,42
0,1,1,1,1,1,1,0,1,0,7,0.6500904159132007,0.6500904159132007,accuracy,3318,1106,42
0,1,1,1,1,1,1,0,0,1,7,0.6500904159132007,0.6500904159132007,accuracy,3318,1106,42
0,1,1,1,1,1,0,1,1,0,7,0.5180831826401446,0.5180831826401446,accuracy,3318,1106,42
0,1,1,1,1,1,0,1,0,1,7,0.5226039783001808,0.5226039783001808,accuracy,3318,1106,42
0,1,1,1,1,1,0,0,1,1,7,0.5361663652802894,0.5361663652802894,accuracy,3318,1106,42
0,1,1,1,1,0,1,1,1,0,7,0.6410488245931284,0.6410488245931284,accuracy,3318,1106,42
0,1,1,1,1,0,1,1,0,1,7,0.635623869801085,0.635623869801085,accuracy,3318,1106,42
0,1,1,1,1,0,1,0,1,1,7,0.6347197106690777,0.6347197106690777,accuracy,3318,1106,42
0,1,1,1,1,0,0,1,1,1,7,0.5099457504520796,0.5099457504520796,accuracy,3318,1106,42
0,1,1,1,0,1,1,1,1,0,7,0.6374321880650995,0.6374321880650995,accuracy,3318,1106,42
0,1,1,1,0,1,1,1,0,1,7,0.6464737793851718,0.6464737793851718,accuracy,3318,1106,42
0,1,1,1,0,1,1,0,1,1,7,0.6428571428571429,0.6428571428571429,accuracy,3318,1106,42
0,1,1,1,0,1,0,1,1,1,7,0.5253164556962026,0.5253164556962026,accuracy,3318,1106,42
0,1,1,1,0,0,1,1,1,1,7,0.6247739602169982,0.6247739602169982,accuracy,3318,1106,42
0,1,1,0,1,1,1,1,1,0,7,0.64376130198915,0.64376130198915,accuracy,3318,1106,42
0,1,1,0,1,1,1,1,0,1,7,0.6383363471971067,0.6383363471971067,accuracy,3318,1106,42
0,1,1,0,1,1,1,0,1,1,7,0.6401446654611211,0.6401446654611211,accuracy,3318,1106,42
0,1,1,0,1,1,0,1,1,1,7,0.5253164556962026,0.5253164556962026,accuracy,3318,1106,42
0,1,1,0,1,0,1,1,1,1,7,0.6392405063291139,0.6392405063291139,accuracy,3318,1106,42
0,1,1,0,0,1,1,1,1,1,7,0.6401446654611211,0.6401446654611211,accuracy,3318,1106,42
0,1,0,1,1,1,1,1,1,0,7,0.6383363471971067,0.6383363471971067,accuracy,3318,1106,42
0,1,0,1,1,1,1,1,0,1,7,0.6419529837251357,0.6419529837251357,accuracy,3318,1106,42
0,1,0,1,1,1,1,0,1,1,7,0.6455696202531646,0.6455696202531646,accuracy,3318,1106,42
0,1,0,1,1,1,0,1,1,1,7,0.5325497287522604,0.5325497287522604,accuracy,3318,1106,42
0,1,0,1,1,0,1,1,1,1,7,0.6274864376130199,0.6274864376130199,accuracy,3318,1106,42
0,1,0,1,0,1,1,1,1,1,7,0.635623869801085,0.635623869801085,accuracy,3318,1106,42
0,1,0,0,1,1,1,1,1,1,7,0.635623869801085,0.635623869801085,accuracy,3318,1106,42
0,0,1,1,1,1,1,1,1,0,7,0.6329113924050633,0.6329113924050633,accuracy,3318,1106,42
0,0,1,1,1,1,1,1,0,1,7,0.6374321880650995,0.6374321880650995,accuracy,3318,1106,42
0,0,1,1,1,1,1,0,1,1,7,0.6374321880650995,0.6374321880650995,accuracy,3318,1106,42
0,0,1,1,1,1,0,1,1,1,7,0.5162748643761302,0.5162748643761302,accuracy,3318,1106,42
0,0,1,1,1,0,1,1,1,1,7,0.6283905967450272,0.6283905967450272,accuracy,3318,1106,42
0,0,1,1,0,1,1,1,1,1,7,0.6301989150090416,0.6301989150090416,accuracy,3318,1106,42
0,0,1,0,1,1,1,1,1,1,7,0.6347197106690777,0.6347197106690777,accuracy,3318,1106,42
0,0,0,1,1,1,1,1,1,1,7,0.6374321880650995,0.6374321880650995,accuracy,3318,1106,42
1,1,1,1,1,1,1,1,0,0,8,0.674502712477396,0.674502712477396,accuracy,3318,1106,42
1,1,1,1,1,1,1,0,1,0,8,0.6735985533453888,0.6735985533453888,accuracy,3318,1106,42
1,1,1,1,1,1,1,0,0,1,8,0.6717902350813744,0.6717902350813744,accuracy,3318,1106,42
1,1,1,1,1,1,0,1,1,0,8,0.596745027124774,0.596745027124774,accuracy,3318,1106,42
1,1,1,1,1,1,0,1,0,1,8,0.5976491862567812,0.5976491862567812,accuracy,3318,1106,42
1,1,1,1,1,1,0,0,1,1,8,0.5994575045207957,0.5994575045207957,accuracy,3318,1106,42
1,1,1,1,1,0,1,1,1,0,8,0.6564195298372514,0.6564195298372514,accuracy,3318,1106,42
1,1,1,1,1,0,1,1,0,1,8,0.666365280289331,0.666365280289331,accuracy,3318,1106,42
1,1,1,1,1,0,1,0,1,1,8,0.6600361663652803,0.6600361663652803,accuracy,3318,1106,42
1,1,1,1,1,0,0,1,1,1,8,0.5904159132007233,0.5904159132007233,accuracy,3318,1106,42
1,1,1,1,0,1,1,1,1,0,8,0.6573236889692586,0.6573236889692586,accuracy,3318,1106,42
1,1,1,1,0,1,1,1,0,1,8,0.6636528028933092,0.6636528028933092,accuracy,3318,1106,42
1,1,1,1,0,1,1,0,1,1,8,0.6654611211573237,0.6654611211573237,accuracy,3318,1106,42
1,1,1,1,0,1,0,1,1,1,8,0.5822784810126582,0.5822784810126582,accuracy,3318,1106,42
1,1,1,1,0,0,1,1,1,1,8,0.6528028933092225,0.6528028933092225,accuracy,3318,1106,42
1,1,1,0,1,1,1,1,1,0,8,0.6636528028933092,0.6636528028933092,accuracy,3318,1106,42
1,1,1,0,1,1,1,1,0,1,8,0.6618444846292948,0.6618444846292948,accuracy,3318,1106,42
1,1,1,0,1,1,1,0,1,1,8,0.6627486437613019,0.6627486437613019,accuracy,3318,1106,42
1,1,1,0,1,1,0,1,1,1,8,0.5768535262206148,0.5768535262206148,accuracy,3318,1106,42
1,1,1,0,1,0,1,1,1,1,8,0.650994575045208,0.650994575045208,accuracy,3318,1106,42
1,1,1,0,0,1,1,1,1,1,8,0.6582278481012658,0.6582278481012658,accuracy,3318,1106,42
1,1,0,1,1,1,1,1,1,0,8,0.6600361663652803,0.6600361663652803,accuracy,3318,1106,42
1,1,0,1,1,1,1,1,0,1,8,0.6636528028933092,0.6636528028933092,accuracy,3318,1106,42
1,1,0,1,1,1,1,0,1,1,8,0.6672694394213382,0.6672694394213382,accuracy,3318,1106,42
1,1,0,1,1,1,0,1,1,1,8,0.5877034358047016,0.5877034358047016,accuracy,3318,1106,42
1,1,0,1,1,0,1,1,1,1,8,0.6518987341772152,0.6518987341772152,accuracy,3318,1106,42
1,1,0,1,0,1,1,1,1,1,8,0.6618444846292948,0.6618444846292948,accuracy,3318,1106,42
1,1,0,0,1,1,1,1,1,1,8,0.6546112115732369,0.6546112115732369,accuracy,3318,1106,42
1,0,1,1,1,1,1,1,1,0,8,0.6654611211573237,0.6654611211573237,accuracy,3318,1106,42
1,0,1,1,1,1,1,1,0,1,8,0.6708860759493671,0.6708860759493671,accuracy,3318,1106,42
1,0,1,1,1,1,1,0,1,1,8,0.6645569620253164,0.6645569620253164,accuracy,3318,1106,42
1,0,1,1,1,1,0,1,1,1,8,0.5840867992766727,0.5840867992766727,accuracy,3318,1106,42
1,0,1,1,1,0,1,1,1,1,8,0.6455696202531646,0.6455696202531646,accuracy,3318,1106,42
1,0,1,1,0,1,1,1,1,1,8,0.6555153707052441,0.6555153707052441,accuracy,3318,1106,42
1,0,1,0,1,1,1,1,1,1,8,0.6573236889692586,0.6573236889692586,accuracy,3318,1106,42
1,0,0,1,1,1,1,1,1,1,8,0.6537070524412296,0.6537070524412296,accuracy,3318,1106,42
0,1,1,1,1,1,1,1,1,0,8,0.6392405063291139,0.6392405063291139,accuracy,3318,1106,42
0,1,1,1,1,1,1,1,0,1,8,0.6546112115732369,0.6546112115732369,accuracy,3318,1106,42
0,1,1,1,1,1,1,0,1,1,8,0.6537070524412296,0.6537070524412296,accuracy,3318,1106,42
0,1,1,1,1,1,0,1,1,1,8,0.5189873417721519,0.5189873417721519,accuracy,3318,1106,42
0,1,1,1,1,0,1,1,1,1,8,0.6301989150090416,0.6301989150090416,accuracy,3318,1106,42
0,1,1,1,0,1,1,1,1,1,8,0.6410488245931284,0.6410488245931284,accuracy,3318,1106,42
0,1,1,0,1,1,1,1,1,1,8,0.6329113924050633,0.6329113924050633,accuracy,3318,1106,42
0,1,0,1,1,1,1,1,1,1,8,0.635623869801085,0.635623869801085,accuracy,3318,1106,42
0,0,1,1,1,1,1,1,1,1,8,0.6347197106690777,0.6347197106690777,accuracy,3318,1106,42
1,1,1,1,1,1,1,1,1,0,9,0.6717902350813744,0.6717902350813744,accuracy,3318,1106,42
1,1,1,1,1,1,1,1,0,1,9,0.6681735985533453,0.6681735985533453,accuracy,3318,1106,42
1,1,1,1,1,1,1,0,1,1,9,0.666365280289331,0.666365280289331,accuracy,3318,1106,42
1,1,1,1,1,1,0,1,1,1,9,0.5949367088607594,0.5949367088607594,accuracy,3318,1106,42
1,1,1,1,1,0,1,1,1,1,9,0.6645569620253164,0.6645569620253164,accuracy,3318,1106,42
1,1,1,1,0,1,1,1,1,1,9,0.6627486437613019,0.6627486437613019,accuracy,3318,1106,42
1,1,1,0,1,1,1,1,1,1,9,0.6636528028933092,0.6636528028933092,accuracy,3318,1106,42
1,1,0,1,1,1,1,1,1,1,9,0.6654611211573237,0.6654611211573237,accuracy,3318,1106,42
1,0,1,1,1,1,1,1,1,1,9,0.6672694394213382,0.6672694394213382,accuracy,3318,1106,42
0,1,1,1,1,1,1,1,1,1,9,0.6491862567811935,0.6491862567811935,accuracy,3318,1106,42
1,1,1,1,1,1,1,1,1,1,10,0.6672694394213382,0.6672694394213382,accuracy,3318,1106,42
